symbol,side,strategy_id,trades,pnl_sum,pnl_avg,win_rate,window,is_new_asset
AAVE/USDT:USDT,long,aave_trend,1,-0.0678116858952562,-0.0678116858952562,0.0,1m,False
AAVE/USDT:USDT,short,aave_trend,60,7.440830884768927,0.12401384807948211,0.5166666666666667,1m,False
ADA/USDT:USDT,long,ada_trend_discovery,4,0.06774646970149001,0.016936617425372502,0.75,1m,True
ADA/USDT:USDT,short,ada_trend_discovery,57,8.40198203519631,0.14740319359993526,0.631578947368421,1m,True
AVAX/USDT:USDT,long,avax_trend,7,-4.502727892580896,-0.6432468417972708,0.42857142857142855,1m,False
AVAX/USDT:USDT,short,avax_trend,53,13.212557341034978,0.24929353473650903,0.5849056603773585,1m,False
BCH/USDT:USDT,long,bch_trend,3,-0.057550262864684204,-0.019183420954894736,0.3333333333333333,1m,False
BCH/USDT:USDT,short,bch_trend,83,9.498735358786758,0.1144425946841778,0.5903614457831325,1m,False
BNB/USDT:USDT,long,bnb_trend,30,16.572890246708532,0.5524296748902844,0.5666666666666667,1m,False
BNB/USDT:USDT,short,bnb_trend,55,17.74360347166425,0.3226109722120773,0.6181818181818182,1m,False
BTC/USDT:USDT,long,btc_trend_loose,6,0.9920412540447456,0.1653402090074576,0.3333333333333333,1m,False
BTC/USDT:USDT,short,btc_trend_loose,47,27.058335164348485,0.5757092588159252,0.7021276595744681,1m,False
DOGE/USDT:USDT,long,doge_trend_loose,7,0.3427004600688941,0.04895720858127058,0.5714285714285714,1m,False
DOGE/USDT:USDT,short,doge_trend_loose,62,5.168166382720262,0.08335752230193971,0.5806451612903226,1m,False
DOT/USDT:USDT,long,dot_trend,2,0.7875797116748257,0.3937898558374128,1.0,1m,False
ENA/USDT:USDT,long,ena_trend_discovery,8,0.9160492507068649,0.11450615633835812,0.625,1m,True
ENA/USDT:USDT,short,ena_trend_discovery,51,13.949436807608897,0.27351836877664504,0.5098039215686274,1m,True
ETH/USDT:USDT,long,eth_trend,2,-0.4566464489409401,-0.22832322447047004,0.5,1m,False
ETH/USDT:USDT,short,eth_trend,92,31.384542425316063,0.3411363307099572,0.6304347826086957,1m,False
INJ/USDT:USDT,long,inj_trend_discovery,49,35.906089011511355,0.7327773267655379,0.5510204081632653,1m,True
INJ/USDT:USDT,short,inj_trend_discovery,21,12.914973659683499,0.6149987456992142,0.6190476190476191,1m,True
LINK/USDT:USDT,long,link_trend,2,0.6348331155560738,0.3174165577780369,1.0,1m,False
LINK/USDT:USDT,short,link_trend,48,33.86046669718061,0.7054263895245961,0.5625,1m,False
NEAR/USDT:USDT,long,near_trend_discovery,47,117.19777610242626,2.4935697043069416,0.6382978723404256,1m,True
NEAR/USDT:USDT,short,near_trend_discovery,24,6.142761638088035,0.25594840158700144,0.4583333333333333,1m,True
ONDO/USDT:USDT,long,ondo_trend_discovery,43,10.60720133784151,0.2466791008800351,0.5116279069767442,1m,True
ONDO/USDT:USDT,short,ondo_trend_discovery,30,10.267728294642568,0.34225760982141895,0.6,1m,True
RENDER/USDT:USDT,long,render_trend_discovery,43,12.907225330684055,0.3001680309461408,0.4883720930232558,1m,True
RENDER/USDT:USDT,short,render_trend_discovery,29,4.781793837439322,0.16488944267032143,0.5517241379310345,1m,True
SOL/USDT:USDT,long,sol_trend_discovery,5,0.12339631511370419,0.024679263022740837,0.6,1m,True
SOL/USDT:USDT,short,sol_trend_discovery,57,8.294755962690445,0.1455220344331657,0.631578947368421,1m,True
SUI/USDT:USDT,long,sui_trend_discovery,4,1.1909692913004726,0.29774232282511814,0.25,1m,True
SUI/USDT:USDT,short,sui_trend_discovery,56,35.84700905031844,0.6401251616128293,0.6428571428571429,1m,True
TON/USDT:USDT,long,ton_trend_discovery,25,3.3063675604277845,0.13225470241711137,0.4,1m,True
TON/USDT:USDT,short,ton_trend_discovery,44,31.821996440029363,0.7232271918188492,0.5909090909090909,1m,True
TRX/USDT:USDT,long,trx_trend,2,0.1997743470168405,0.09988717350842025,1.0,1m,False
XLM/USDT:USDT,long,xlm_trend_discovery,29,16.0479108848709,0.5533762374093413,0.6206896551724138,1m,True
XLM/USDT:USDT,short,xlm_trend_discovery,39,17.938341662978473,0.4599574785379096,0.5128205128205128,1m,True
XRP/USDT:USDT,long,xrp_trend,3,8.983434022723296,2.994478007574432,0.6666666666666666,1m,False
XRP/USDT:USDT,short,xrp_trend,57,91.95205062607629,1.6131938706329172,0.631578947368421,1m,False
AAVE/USDT:USDT,long,aave_trend,13,62.8222125376415,4.832477887510884,0.8461538461538461,3m,False
AAVE/USDT:USDT,short,aave_trend,120,69.30354692245105,0.577529557687092,0.5416666666666666,3m,False
ADA/USDT:USDT,long,ada_trend_discovery,66,19.327052586834107,0.2928341301035471,0.5151515151515151,3m,True
ADA/USDT:USDT,short,ada_trend_discovery,104,12.912632063067017,0.1241599236833367,0.6057692307692307,3m,True
AVAX/USDT:USDT,long,avax_trend,73,47.39324175865402,0.6492224898445756,0.4794520547945205,3m,False
AVAX/USDT:USDT,short,avax_trend,116,29.532028164381405,0.25458644969294314,0.5086206896551724,3m,False
BCH/USDT:USDT,long,bch_trend,35,23.822223894310703,0.6806349684088773,0.37142857142857144,3m,False
BCH/USDT:USDT,short,bch_trend,158,20.1125888873808,0.12729486637582785,0.5253164556962026,3m,False
BNB/USDT:USDT,long,bnb_trend,117,24.14848680823522,0.20639732314730957,0.42735042735042733,3m,False
BNB/USDT:USDT,short,bnb_trend,129,42.90137102605973,0.3325687676438739,0.5581395348837209,3m,False
BTC/USDT:USDT,long,btc_trend_loose,129,49.842992165487566,0.38637978422858577,0.5193798449612403,3m,False
BTC/USDT:USDT,short,btc_trend_loose,75,59.4369971958548,0.7924932959447307,0.6533333333333333,3m,False
DOGE/USDT:USDT,long,doge_trend_loose,91,45.13895884443702,0.4960325147740332,0.5164835164835165,3m,False
DOGE/USDT:USDT,short,doge_trend_loose,107,12.212832065777965,0.11413861743717724,0.48598130841121495,3m,False
DOT/USDT:USDT,long,dot_trend,7,0.8932818096310354,0.12761168709014792,0.8571428571428571,3m,False
ENA/USDT:USDT,long,ena_trend_discovery,78,29.169121586159328,0.37396309725845295,0.6282051282051282,3m,True
ENA/USDT:USDT,short,ena_trend_discovery,90,22.142129996831674,0.24602366663146305,0.5222222222222223,3m,True
ETH/USDT:USDT,long,eth_trend,5,1.845601698664836,0.3691203397329672,0.8,3m,False
ETH/USDT:USDT,short,eth_trend,167,79.61755319406393,0.47675181553331697,0.5748502994011976,3m,False
INJ/USDT:USDT,long,inj_trend_discovery,177,102.19442516237163,0.5773696336857155,0.5875706214689266,3m,True
INJ/USDT:USDT,short,inj_trend_discovery,48,53.30940994430465,1.1106127071730134,0.625,3m,True
LINK/USDT:USDT,long,link_trend,8,22.827705649987834,2.8534632062484793,0.75,3m,False
LINK/USDT:USDT,short,link_trend,83,60.40150407268829,0.7277289647311842,0.5542168674698795,3m,False
NEAR/USDT:USDT,long,near_trend_discovery,123,208.64542235779723,1.6963042468113596,0.6178861788617886,3m,True
NEAR/USDT:USDT,short,near_trend_discovery,66,19.854326012457122,0.3008231214008655,0.5151515151515151,3m,True
ONDO/USDT:USDT,long,ondo_trend_discovery,139,13.497599347600568,0.09710503127770193,0.5539568345323741,3m,True
ONDO/USDT:USDT,short,ondo_trend_discovery,61,20.912205899186464,0.342823047527647,0.5901639344262295,3m,True
RENDER/USDT:USDT,long,render_trend_discovery,95,51.73331001215442,0.5445611580226781,0.6105263157894737,3m,True
RENDER/USDT:USDT,short,render_trend_discovery,79,35.02753034343962,0.44338646004353954,0.5189873417721519,3m,True
SOL/USDT:USDT,long,sol_trend_discovery,82,25.36860081404108,0.30937318065903757,0.4878048780487805,3m,True
SOL/USDT:USDT,short,sol_trend_discovery,103,14.56398799567498,0.14139794170558234,0.5728155339805825,3m,True
SUI/USDT:USDT,long,sui_trend_discovery,82,14.594322740649874,0.1779795456176814,0.573170731707317,3m,True
SUI/USDT:USDT,short,sui_trend_discovery,107,56.54322151156346,0.5284413225379763,0.5700934579439252,3m,True
TON/USDT:USDT,long,ton_trend_discovery,102,18.26187890871125,0.17903802851677697,0.5392156862745098,3m,True
TON/USDT:USDT,short,ton_trend_discovery,91,52.38484708327682,0.5756576602557892,0.6153846153846154,3m,True
TRX/USDT:USDT,long,trx_trend,8,1.9743721274765742,0.24679651593457178,0.5,3m,False
XLM/USDT:USDT,long,xlm_trend_discovery,91,41.39498995608981,0.45488999951747044,0.6263736263736264,3m,True
XLM/USDT:USDT,short,xlm_trend_discovery,96,58.39397443828607,0.6082705670654799,0.53125,3m,True
XRP/USDT:USDT,long,xrp_trend,7,36.289867256918406,5.1842667509883436,0.8571428571428571,3m,False
XRP/USDT:USDT,short,xrp_trend,100,191.5102310442594,1.915102310442594,0.6,3m,False
AAVE/USDT:USDT,long,aave_trend,19,246.36757790162082,12.966714626401096,0.8947368421052632,6m,False
AAVE/USDT:USDT,short,aave_trend,232,530.6217036401025,2.287162515690097,0.5732758620689655,6m,False
ADA/USDT:USDT,long,ada_trend_discovery,115,74.66582093140073,0.6492680080991368,0.5391304347826087,6m,True
ADA/USDT:USDT,short,ada_trend_discovery,199,28.67142580378715,0.14407751660194548,0.5376884422110553,6m,True
AVAX/USDT:USDT,long,avax_trend,173,233.4343213826255,1.3493313374718239,0.4797687861271676,6m,False
AVAX/USDT:USDT,short,avax_trend,231,228.19817259720034,0.9878708770441573,0.5497835497835498,6m,False
BCH/USDT:USDT,long,bch_trend,114,171.019102774119,1.5001675681940263,0.45614035087719296,6m,False
BCH/USDT:USDT,short,bch_trend,262,124.62427365012367,0.4756651666035255,0.5305343511450382,6m,False
BNB/USDT:USDT,long,bnb_trend,223,101.89173799484564,0.4569136232952719,0.4663677130044843,6m,False
BNB/USDT:USDT,short,bnb_trend,248,186.3496808362808,0.7514100033721001,0.5766129032258065,6m,False
BTC/USDT:USDT,long,btc_trend_loose,216,312.0747615271253,1.4447905626255801,0.5,6m,False
BTC/USDT:USDT,short,btc_trend_loose,159,268.2340786944682,1.6870067842419385,0.6037735849056604,6m,False
DOGE/USDT:USDT,long,doge_trend_loose,148,173.34505495272478,1.1712503713021944,0.5202702702702703,6m,False
DOGE/USDT:USDT,short,doge_trend_loose,242,92.70047922948677,0.38305983152680484,0.5247933884297521,6m,False
DOT/USDT:USDT,long,dot_trend,14,127.73849735917643,9.124178382798316,0.7857142857142857,6m,False
ENA/USDT:USDT,long,ena_trend_discovery,136,109.84063411832452,0.8076517214582685,0.6176470588235294,6m,True
ENA/USDT:USDT,short,ena_trend_discovery,236,110.01786457487228,0.466177392266408,0.5338983050847458,6m,True
ETH/USDT:USDT,long,eth_trend,5,5.912620803241864,1.1825241606483727,0.8,6m,False
ETH/USDT:USDT,short,eth_trend,295,351.414052503596,1.1912340762833762,0.6033898305084746,6m,False
INJ/USDT:USDT,long,inj_trend_discovery,235,321.80995523067054,1.369404064811364,0.5914893617021276,6m,True
INJ/USDT:USDT,short,inj_trend_discovery,150,208.855501647519,1.39237001098346,0.56,6m,True
LINK/USDT:USDT,long,link_trend,12,74.91003323478635,6.2425027695655295,0.75,6m,False
LINK/USDT:USDT,short,link_trend,162,272.04813438414624,1.6793094715070755,0.5246913580246914,6m,False
NEAR/USDT:USDT,long,near_trend_discovery,217,866.6663642141767,3.9938542129685564,0.5852534562211982,6m,True
NEAR/USDT:USDT,short,near_trend_discovery,152,67.54393557932053,0.4443679972323719,0.5328947368421053,6m,True
ONDO/USDT:USDT,long,ondo_trend_discovery,188,57.12585542238756,0.30386093309780615,0.5585106382978723,6m,True
ONDO/USDT:USDT,short,ondo_trend_discovery,194,101.21820733877401,0.5217433367978042,0.5721649484536082,6m,True
RENDER/USDT:USDT,long,render_trend_discovery,206,266.1798050662709,1.2921349760498586,0.5728155339805825,6m,True
RENDER/USDT:USDT,short,render_trend_discovery,154,109.5380459567852,0.7112860127063974,0.525974025974026,6m,True
SOL/USDT:USDT,long,sol_trend_discovery,173,110.84469101938045,0.6407207573374593,0.5144508670520231,6m,True
SOL/USDT:USDT,short,sol_trend_discovery,201,72.35232856353257,0.35996183364941575,0.5572139303482587,6m,True
SUI/USDT:USDT,long,sui_trend_discovery,142,43.64908684085961,0.30738793549901133,0.5633802816901409,6m,True
SUI/USDT:USDT,short,sui_trend_discovery,204,200.74368388088743,0.9840376660827815,0.5833333333333334,6m,True
TON/USDT:USDT,long,ton_trend_discovery,193,59.780159741898636,0.3097417603207183,0.5544041450777202,6m,True
TON/USDT:USDT,short,ton_trend_discovery,184,160.45231385458456,0.8720234448618726,0.5380434782608695,6m,True
TRX/USDT:USDT,long,trx_trend,21,13.775493095672973,0.655975861698713,0.5714285714285714,6m,False
XLM/USDT:USDT,long,xlm_trend_discovery,160,191.9537565051243,1.1997109781570268,0.60625,6m,True
XLM/USDT:USDT,short,xlm_trend_discovery,182,202.02123445810324,1.110006782736831,0.5769230769230769,6m,True
XRP/USDT:USDT,long,xrp_trend,10,171.18042851247455,17.118042851247456,0.9,6m,False
XRP/USDT:USDT,short,xrp_trend,200,800.1928797952587,4.0009643989762935,0.55,6m,False
