symbol,strategy_id,side,entry_ts,exit_ts,entry_px,exit_px,qty,pnl,exit_reason,fee,bars_held,entry_adx,entry_atrp,entry_atr
BNB/USDT:USDT,bnb_trend,short,1766656800000,1766674800000,841.23,840.9457999695748,0.08321148794027793,-0.018337103371198583,sl,0.04198581077555738,5,94.86413102413309,0.003278150312971501,2.7576783877810156
DOT/USDT:USDT,dot_trend,short,1766671200000,1766674800000,1.72,1.718707856746966,6.782850775193797,0.0017697715144220699,sl,0.006994643351080697,1,72.32626294909392,0.007330056146008331,0.012607696571134329
TRX/USDT:USDT,trx_trend,short,1766674800000,1766678400000,0.2785,0.2766076190264863,35.90546137764727,0.06198777744726108,tp,0.005959034509031084,1,59.81441999593562,0.002383577876960492,0.0006638264387334971
TRX/USDT:USDT,trx_trend,short,1766685600000,1766696400000,0.27784,0.27890425844213707,35.992420824834454,-0.044328301379593524,sl,0.006023063663812671,3,60.47131373426524,0.002691586614201544,0.000747830424889757
BNB/USDT:USDT,bnb_trend,short,1766682000000,1766703600000,841.0,833.1837345707755,0.06936374960835391,0.5074898293396469,tp,0.03467564876551228,6,82.92740896301629,0.003800735588213123,3.1964186296872366
DOT/USDT:USDT,dot_trend,short,1766682000000,1766703600000,1.733,1.6992184006413662,5.770429430052169,0.18905120321300423,tp,0.00588313192028827,6,62.749741271499246,0.008230749136295719,0.01426388825320048
BNB/USDT:USDT,bnb_trend,short,1766710800000,1766714400000,830.28,836.0615049079825,0.07030390772811454,-0.44172942211808924,sl,0.035267034537647624,1,55.894805158970414,0.004678747158002569,3.884670190346373
TRX/USDT:USDT,trx_trend,short,1766703600000,1766714400000,0.27886,0.2799441144496274,35.88408638390351,-0.044929779831813677,sl,0.00602732327134548,3,50.31612964282169,0.0024433746131744473,0.0006813594446298263
BNB/USDT:USDT,bnb_trend,short,1766721600000,1766732400000,840.99,847.4621551972384,0.06937402234178677,-0.48427455434581185,sl,0.03527511509308319,3,48.440706847380966,0.0054148577945390235,4.553841256629373
BNB/USDT:USDT,bnb_trend,short,1766739600000,1766757600000,842.13,832.9634906503735,0.08309471397780954,0.7201595547764003,tp,0.04152891780573036,5,38.16063096112715,0.005224035603973797,4.399317103174454
TRX/USDT:USDT,trx_trend,short,1766721600000,1766757600000,0.27973,0.2779509694231067,41.71320800953087,0.0672525365468666,tp,0.006956535962398081,10,39.499798550151255,0.0026443786779213312,0.0007397120475749339
BNB/USDT:USDT,bnb_trend,short,1766790000000,1766818800000,835.63,840.751561230135,0.08380585983845078,-0.47149278710638903,sl,0.04227594449964681,8,26.36019953747246,0.005257656791560394,4.393455744731612
TRX/USDT:USDT,trx_trend,long,1766880000000,1766883600000,0.28481,0.28492,245.7663204664091,-0.01497994876506881,reverse_signal,0.04201424401637356,1,31.486784048599205,0.0026321434898783722,0.0007496607873522592
TRX/USDT:USDT,trx_trend,long,1766890800000,1766894400000,0.28398,0.28369,246.47748849124653,-0.11343239088851362,reverse_signal,0.04195391922604904,1,35.38967791025281,0.0027437268066820165,0.0007791635385615591
TRX/USDT:USDT,trx_trend,long,1766901600000,1766905200000,0.28369,0.28373,246.6980048253426,-0.03212945475244679,reverse_signal,0.04199737494545666,1,34.1233137197108,0.002591347315911472,0.0007351393200509254
TRX/USDT:USDT,trx_trend,long,1766930400000,1766934000000,0.28371,0.28412,246.66923311293547,0.05908418806906681,reverse_signal,0.04205019750722833,1,31.849813478620003,0.002489933363119054,0.0007064189944505069
TRX/USDT:USDT,trx_trend,long,1766941200000,1766944800000,0.28386,0.28421,246.55000445375182,0.04424931549933683,reverse_signal,0.042043186059480486,1,33.51146131271312,0.0024501393261755415,0.0006954965491281892
TRX/USDT:USDT,trx_trend,long,1766952000000,1766955600000,0.28467,0.28466,245.85591005988425,-0.04444976511517564,reverse_signal,0.04199120601458799,1,35.852543734312626,0.002354595739308063,0.0006702827691088262
TRX/USDT:USDT,trx_trend,long,1766962800000,1766966400000,0.28537,0.28436505520479033,245.23849950577267,-0.2882935093335382,sl,0.04184235567017939,1,38.38133010612927,0.002382732472900379,0.0006799603657915811
TRX/USDT:USDT,trx_trend,long,1766973600000,1766977200000,0.28542,0.28576,245.12140104533862,0.041313741417787264,reverse_signal,0.042027534937629576,1,37.48943646994115,0.0024424046099677864,0.0006971111237770056
TRX/USDT:USDT,trx_trend,long,1766984400000,1766988000000,0.28512,0.28426,245.38602263101774,-0.2528840379385242,target_flatten,0.04185205847585586,1,36.02720216296013,0.002403434269477039,0.0006852671789132934
BTC/USDT:USDT,btc_trend,short,1767060000000,1767081600000,87283.0,87881.03774564664,0.0008013677507352093,-0.5215031808139041,sl,0.04225501773030292,6,24.834120920716984,0.005095526387407763,444.75282967211183
BTC/USDT:USDT,btc_trend,short,1767088800000,1767103200000,87954.7,88517.37535224971,0.0007948216175352185,-0.4894398476967869,sl,0.04221331407446832,4,23.235358467179633,0.004780360807652707,420.45520072885154
XRP/USDT:USDT,xrp_trend,short,1767250800000,1767272400000,1.8444,1.8573452824070094,6.31382057591159,-0.08877035733874196,sl,0.007036166916380219,6,25.98489540704811,0.005706757866343676,0.010525544208684276
AVAX/USDT:USDT,avax_trend,short,1767232800000,1767272400000,12.322,12.412573192567866,5.67059384988875,-0.5558357854643752,sl,0.042231996724241584,11,22.64991892592695,0.006304814687860833,0.07768792658382118
AVAX/USDT:USDT,avax_trend,short,1767279600000,1767283200000,12.421,12.52196220993863,0.9369344733156539,-0.10163432983446406,sl,0.007039354840828423,1,21.402773891491,0.004900596133268213,0.060870304571324474
AAVE/USDT:USDT,aave_trend,short,1767236400000,1767286800000,145.82,147.4166318375581,0.3993055319087763,-0.6728624911114847,sl,0.03531856595285783,14,39.588407382502,0.008794152363236085,1.2823632976070858
AAVE/USDT:USDT,aave_trend,short,1767333600000,1767344400000,150.26,152.12304134615243,0.46433915116180563,-0.9074650475862678,sl,0.042382010334494805,3,35.4060015405361,0.007772617309034078,1.1679134768554604
TRX/USDT:USDT,trx_trend,long,1767398400000,1767402000000,0.28889,0.28888,241.29288482754657,-0.04423574198965348,reverse_signal,0.041822813141389,1,31.4940995276448,0.002681593705690231,0.0007746856056368508
TRX/USDT:USDT,trx_trend,long,1767409200000,1767412800000,0.28907,0.287880839796598,241.12854705251212,-0.3283902452336367,sl,0.04164977317464641,1,39.64575189342473,0.002772506144395509,0.0008014483511604097
TRX/USDT:USDT,trx_trend,long,1767420000000,1767423600000,0.28844,0.28886,241.57213263380942,0.05959197996664625,reverse_signal,0.041868315739561304,1,40.531509513443545,0.0028315356543213116,0.000816728144132439
TRX/USDT:USDT,trx_trend,long,1767430800000,1767434400000,0.28843,0.28799,241.59158849138618,-0.14804587587798954,reverse_signal,0.041745576941780584,1,39.31882218488967,0.0028364979298540053,0.0008181310979077908
TRX/USDT:USDT,trx_trend,long,1767441600000,1767445200000,0.28852,0.29050809730182986,241.4769274420938,0.43798902626169495,tp,0.042090601640096814,1,37.24753001453074,0.0027021561810260677,0.0007796261013496411
TRX/USDT:USDT,trx_trend,long,1767452400000,1767456000000,0.29121,0.29135,239.34826051477538,-0.008331712948525673,reverse_signal,0.041840469420587875,1,39.72184093208731,0.002927901889633972,0.0008526343092803091
TRX/USDT:USDT,trx_trend,long,1767463200000,1767466800000,0.29279,0.29329,238.05132660304014,0.0771348191538768,reverse_signal,0.04189084414764338,1,44.57368624071685,0.002954693815676262,0.0008651048022918529
TRX/USDT:USDT,trx_trend,long,1767474000000,1767477600000,0.29397,0.29443,237.11083296518035,0.0671834576340239,reverse_signal,0.04188752552996283,1,50.01744984623727,0.0027642782843750346,0.000812614887257729
TRX/USDT:USDT,trx_trend,long,1767484800000,1767488400000,0.29566,0.29532,235.76810715080333,-0.12193737887352683,reverse_signal,0.04177622244226514,1,55.5500841869806,0.002686810034664303,0.0007943822548488478
TRX/USDT:USDT,trx_trend,long,1767495600000,1767499200000,0.29539,0.2949,235.95141014558894,-0.15736543348249682,reverse_signal,0.0417492425111605,1,58.3961030089707,0.0026558230694852026,0.0007845035764952339
TRX/USDT:USDT,trx_trend,long,1767506400000,1767510000000,0.29398,0.29384,237.04230115974946,-0.07497742802604027,reverse_signal,0.04179150586366846,1,56.282291427688705,0.002667750991321106,0.0007842654364285787
TRX/USDT:USDT,trx_trend,long,1767517200000,1767520800000,0.2939,0.29364,237.08564707465663,-0.10341296588360788,reverse_signal,0.0417706976442013,1,51.61151498620376,0.0027019775818632875,0.0007941112113096202
TRX/USDT:USDT,trx_trend,long,1767528000000,1767531600000,0.29366,0.2941,237.2514379044687,0.06252524394534273,reverse_signal,0.04186538873262254,1,47.35025848710577,0.0025973621683621846,0.0007627413743612391
TRX/USDT:USDT,trx_trend,long,1767538800000,1767542400000,0.29454,0.29449,236.5541475673962,-0.05362540592865514,reverse_signal,0.0417976985502735,1,44.44294432286576,0.0026783286715595395,0.0007888749269211469
TRX/USDT:USDT,trx_trend,long,1767549600000,1767553200000,0.29467,0.2945,236.43373740409655,-0.0819715767580011,reverse_signal,0.04177784139930386,1,39.91617702331328,0.002616553288258327,0.0007710197574510812
TRX/USDT:USDT,trx_trend,long,1767783600000,1767787200000,0.29479,0.29502,236.31471899141923,0.012521844329919207,reverse_signal,0.0418305410381091,1,31.801940896945887,0.0027793598458620014,0.0008193274889616594
TRX/USDT:USDT,trx_trend,long,1767794400000,1767798000000,0.29679,0.29661,234.7219153460676,-0.0840224651487736,reverse_signal,0.04177252038647826,1,37.486807923074785,0.003071031186819435,0.0009114513459361401
TRX/USDT:USDT,trx_trend,long,1767805200000,1767808800000,0.29775,0.298,233.94210041765712,0.01665667754973075,reverse_signal,0.04182884755467709,1,43.49795333319473,0.003474600082520869,0.0010345621745705888
TRX/USDT:USDT,trx_trend,long,1767816000000,1767819600000,0.29737,0.29798,234.24168940760768,0.1010078273728332,reverse_signal,0.04187960316580736,1,46.75401989622982,0.003637639606453191,0.0010817248897709855
TRX/USDT:USDT,trx_trend,long,1767826800000,1767830400000,0.29799,0.29808,233.7747794783043,-0.02077042160708031,reverse_signal,0.041810151760135764,1,44.728322481491595,0.003408453233881359,0.001015684979164306
TRX/USDT:USDT,trx_trend,long,1767837600000,1767841200000,0.29847,0.29782,233.39068359156997,-0.1934089923668745,reverse_signal,0.041705048032344816,1,39.38877341558325,0.0035694308944811634,0.0010653680390757929
TRX/USDT:USDT,trx_trend,long,1767848400000,1767852000000,0.29825,0.296697767991304,233.5141775707211,-0.4040380620773367,sl,0.041569881167734773,1,34.25582215205589,0.0035250496480313037,0.0010513460575253364
BTC/USDT:USDT,btc_trend,short,1767873600000,1767891600000,90192.3,91116.68305307873,0.0007718657330800267,-0.7556975101277132,sl,0.04219790721635103,5,41.988725258689655,0.006566779557564929,592.2729518897634
TRX/USDT:USDT,trx_trend,long,1767898800000,1767902400000,0.29457,0.29461,39.35774221234754,-0.005382800971414532,reverse_signal,0.0069571106599078236,1,31.585506604023145,0.003545855440089329,0.0010445026369871136
TRX/USDT:USDT,trx_trend,long,1767920400000,1767924000000,0.29513,0.29439,235.6965460452599,-0.21604746778765513,reverse_signal,0.04163202371415844,1,32.01976243703354,0.003006362632009142,0.0008872678035848581
BTC/USDT:USDT,btc_trend,short,1767898800000,1767931200000,91070.3,91190.1,0.0006365272423531067,-0.11108295336364646,trend_break,0.03482698972974242,9,40.804618075777135,0.0067000694324310375,610.1773332323244
TRX/USDT:USDT,trx_trend,long,1767931200000,1767934800000,0.29378,0.29337,236.6983751417867,-0.13871045519733205,reverse_signal,0.04166412138920758,1,33.978233479256446,0.0028788789469152225,0.000845757057024754
TRX/USDT:USDT,trx_trend,long,1767942000000,1767945600000,0.29407,0.29284852663060895,236.42862378280404,-0.3303339321893277,sl,0.041542664476858025,1,36.237597615666445,0.0026865445731958934,0.0007900321626397163
TRX/USDT:USDT,trx_trend,long,1767952800000,1767956400000,0.29237,0.29275,39.619692961262636,0.008096284256633682,reverse_signal,0.006959199068645782,1,38.61941225579451,0.0027744640902914526,0.0008111700660785121
TRX/USDT:USDT,trx_trend,long,1767963600000,1767967200000,0.29368,0.29493,39.44319347354789,0.042324203211243916,reverse_signal,0.006979788630692088,1,37.81038317447845,0.0028545238286849534,0.0008383165580081971
BTC/USDT:USDT,btc_trend,short,1767952800000,1767970800000,90299.0,91057.49442692474,0.0006414104682650638,-0.521549403633886,sl,0.03504313808365034,5,22.370822928685023,0.005677288028502937,512.6534316857867
TRX/USDT:USDT,trx_trend,long,1767974400000,1767978000000,0.29645,0.29739,234.33413533601237,0.17846091011130477,reverse_signal,0.041813177104546025,1,33.280785641085245,0.003221099185286339,0.0009548948534781352
TRX/USDT:USDT,trx_trend,long,1767985200000,1767988800000,0.29775,0.29816,233.3497031976718,0.0539280498077868,reverse_signal,0.04174532850325069,1,33.87790323255648,0.003159879848488865,0.0009408542248875596
TRX/USDT:USDT,trx_trend,long,1767996000000,1767999600000,0.2983,0.29743,232.92885139911343,-0.24421611768020746,reverse_signal,0.041568016962982984,1,36.85771240711937,0.003189791632758081,0.0009515148440517356
TRX/USDT:USDT,trx_trend,long,1768006800000,1768010400000,0.29809,0.29864,233.03233414958137,0.08641211802000998,reverse_signal,0.04175566576225859,1,36.16526818330035,0.0033519018024836516,0.0009991684083023517
TRX/USDT:USDT,trx_trend,long,1768017600000,1768021200000,0.29803,0.2976,233.09628168436498,-0.1418530731818468,target_flatten,0.041621672057560205,1,35.6685967113011,0.003004243161092471,0.0008953545893003892
TRX/USDT:USDT,trx_trend,long,1768089600000,1768093200000,0.30228,0.30297,38.296617990343044,0.019463030601817078,reverse_signal,0.00696163581152054,1,30.698167429989958,0.0030913838960480136,0.0009344635240973936
BTC/USDT:USDT,btc_trend_loose,short,1768086000000,1768096800000,90384.9,90693.09861992401,0.0007684777273602221,-0.2786611508035852,sl,0.04181737578881742,3,14.823966919383526,0.002411137862418889,217.93045458094502
ETH/USDT:USDT,eth_trend,short,1768147200000,1768176000000,3116.89,3122.0,0.02227845839284917,-0.15557493064894717,trend_break,0.041732008261485064,8,19.33795053878716,0.003425697418463802,10.67752202663564
LINK/USDT:USDT,link_trend,short,1768262400000,1768280400000,13.068,13.229689403826741,5.312797810061502,-0.9011951094963304,sl,0.04217199893546674,5,25.217819128716243,0.009086471498524002,0.11874200954271165
TRX/USDT:USDT,trx_trend,long,1768334400000,1768338000000,0.30438,0.30455529923476504,227.88483519690521,-0.001694083280096223,sl,0.04164212050467515,1,32.07303676268579,0.00361007300112581,0.001098834020082674
TRX/USDT:USDT,trx_trend,long,1768345200000,1768348800000,0.3053,0.30698,227.19455113396162,0.3398403359207841,reverse_signal,0.04184650998426212,1,40.48051197236783,0.0043108655995317295,0.0013161072675370372
TRX/USDT:USDT,trx_trend,long,1768356000000,1768359600000,0.30449,0.30442,227.87386846780683,-0.05757278861611899,reverse_signal,0.041621617823381855,1,45.28285727365728,0.00462924295576744,0.0014095581876016276
TRX/USDT:USDT,trx_trend,long,1768366800000,1768370400000,0.30448,0.3024850624194571,227.86492616973345,-0.49593174635302095,sl,0.04135544184939408,1,44.534025703921884,0.0042113205410485915,0.001282262878338475
TRX/USDT:USDT,trx_trend,long,1768377600000,1768381200000,0.30277,0.3016,229.03400658433014,-0.30941578153516763,reverse_signal,0.041445993831500376,1,38.66599478316962,0.004611720613138529,0.0013962906500399525
AVAX/USDT:USDT,avax_trend,short,1768550400000,1768575600000,13.804,13.546935140062923,5.021877444513455,1.25012959308172,tp,0.04081862881330123,7,43.525666606502355,0.009041755033245702,0.12481238647892368
AVAX/USDT:USDT,avax_trend,short,1768611600000,1768654800000,13.585,13.716403909464223,5.109203887201475,-0.7134173075316692,sl,0.04204794250359606,12,44.2042031001647,0.009048504014589832,0.12292392703820287
XRP/USDT:USDT,xrp_trend,short,1768640400000,1768658400000,2.0615,2.0755111437823213,33.66847590984464,-0.5136614350714788,sl,0.0419275781670295,5,26.91739314384599,0.0052922149589181835,0.010909901137809836
TRX/USDT:USDT,trx_trend,long,1768701600000,1768705200000,0.31798,0.31882,218.00026850914233,0.14141851818403034,reverse_signal,0.04170170736365085,1,32.65845814030852,0.004633817694537724,0.0014734613505091056
TRX/USDT:USDT,trx_trend,long,1768712400000,1768716000000,0.31942,0.32049,36.17381783981155,0.03174997696091019,reverse_signal,0.006956008127688721,1,36.00723910680521,0.004647219763879284,0.0014844149369783208
AVAX/USDT:USDT,avax_trend,short,1768676400000,1768719600000,13.828,13.612896570581716,5.013067390098298,1.037382566785448,tp,0.04094542072965849,12,25.286569102116292,0.007139080043401013,0.0987191988401492
TRX/USDT:USDT,trx_trend,long,1768723200000,1768726800000,0.31806,0.31555918751242823,36.367626066069995,-0.09783429652926771,sl,0.006885683119898912,1,37.033920638404425,0.00482998286503024,0.0015362243500515183
XRP/USDT:USDT,xrp_trend,short,1768712400000,1768777200000,2.0545,2.033876988628534,28.120651496980063,0.5456161480042835,tp,0.03431636759097017,18,21.593450475159507,0.004602881086199639,0.009456619191597158
BTC/USDT:USDT,btc_trend,short,1768798800000,1768809600000,92614.4,93194.1984344101,0.0006247474618593256,-0.3971613036468671,sl,0.03493370335914722,3,37.44488048542785,0.00444244241371128,411.43413868042194
XRP/USDT:USDT,xrp_trend,short,1768827600000,1768838400000,1.9718,1.9956790705151155,5.02826813330463,-0.12609125500883397,sl,0.006020885684744495,3,48.833697039479894,0.009004866295535045,0.017755795361536
TRX/USDT:USDT,trx_trend,long,1768845600000,1768849200000,0.30811,0.30908,32.17506203375992,0.025243009268711265,reverse_signal,0.00596680090403671,1,33.31325663722415,0.006598792906899737,0.0020331540825448777
LINK/USDT:USDT,link_trend,short,1768788000000,1768852800000,12.834,12.990210892289317,5.410137577515082,-0.8872897152445308,sl,0.042167296852932086,18,25.811969313318368,0.013155062197748165,0.16883206824589994
TRX/USDT:USDT,trx_trend,long,1768856400000,1768860000000,0.31043,0.31143,31.90676825450274,0.025944733352002897,reverse_signal,0.005962034902499872,1,38.13653832269368,0.005995527222879574,0.001861191515798506
ETH/USDT:USDT,eth_trend,short,1768820400000,1768863600000,3213.99,3172.0900335713272,0.0030848754771383665,0.12338487727522923,tp,0.005871301653503523,12,38.61555842974504,0.006497155626874228,20.8817932132175
TRX/USDT:USDT,trx_trend,long,1768867200000,1768870800000,0.31175,0.30995,31.77596210855952,-0.06310610746873671,reverse_signal,0.005909375673328813,1,37.257368125214725,0.00568591179788847,0.0017725830029917307
BTC/USDT:USDT,btc_trend,short,1768816800000,1768881600000,93000.0,92009.76445404589,0.000621900737080065,0.5814956517122236,tp,0.03433256419952058,18,40.91945498556725,0.004313427525978634,401.148759916013
TRX/USDT:USDT,trx_trend,long,1768878000000,1768881600000,0.31004,0.31024,31.949056582846545,0.000442686128012992,reverse_signal,0.005947125188557387,1,36.86615093707159,0.005559913243552159,0.0017237955020309112
LINK/USDT:USDT,link_trend,short,1768860000000,1768888800000,12.887,12.649426305041768,4.483540601731916,1.0311427773923465,tp,0.034028529856362295,8,42.70323179955482,0.007800045501978435,0.1005191863839961
ETH/USDT:USDT,eth_trend,short,1768870800000,1768888800000,3182.55,3135.6397333178397,0.0031124429510789677,0.14014982899707193,tp,0.005855699871052947,5,33.81843374090337,0.005947525023016702,18.928295762001806
AVAX/USDT:USDT,avax_trend,short,1768856400000,1768896000000,12.787,12.483285157692578,0.7745990662085828,0.22945550862919847,tp,0.005801724615818478,11,45.220237633814776,0.009250894229282491,0.11829118450983522
BTC/USDT:USDT,btc_trend,short,1768888800000,1768917600000,91590.1,90499.62499340944,0.0006319913943566611,0.6548538294132585,tp,0.03431699051300386,8,35.1205712515778,0.004605647184119838,421.83168615825446
LINK/USDT:USDT,link_trend,short,1768896000000,1768917600000,12.609,12.582667379617373,0.7871501933692845,0.01478505778952454,sl,0.005942669436580321,6,41.7911440846014,0.008305594678340444,0.10472524329919466
BNB/USDT:USDT,bnb_trend,short,1768899600000,1768917600000,914.82,903.0847291227367,0.010849278642274826,0.12144053297170164,tp,0.005878690718301511,5,33.16351457090734,0.005635274918738787,5.1552622011606175
ETH/USDT:USDT,eth_trend,short,1768896000000,1768917600000,3121.5,3066.723031276374,0.0031796113848597566,0.16831888090307306,tp,0.005850592478674788,6,43.40529151276701,0.007218410517252204,22.532268429602755
BNB/USDT:USDT,bnb_trend,short,1768924800000,1768928400000,905.84,891.5909073916372,0.010967229948949811,0.15040610569874222,tp,0.0058669695010541405,1,41.75952005907816,0.006019886928759398,5.4530543755474135
BTC/USDT:USDT,btc_trend,short,1768924800000,1768946400000,90644.2,89206.48576361511,0.0006393389341318411,0.8849667797610311,tp,0.03421990771545417,6,48.884001202572485,0.005555747672835721,503.5963032060556
LINK/USDT:USDT,link_trend,short,1768924800000,1768946400000,12.431,12.13671778592731,0.7991774954635661,0.22936408776810152,tp,0.005819635033983302,6,48.84498750700962,0.00897748622365615,0.1115991312462696
ETH/USDT:USDT,eth_trend,short,1768939200000,1768946400000,2995.04,2929.272618897666,0.0033174915516397084,0.21235202888107715,tp,0.005830702299385517,2,64.8871670768195,0.009561790661593909,28.63794550310022
TRX/USDT:USDT,trx_trend,short,1768917600000,1768950000000,0.30155,0.2971731382791378,32.94548572463093,0.1383235273123963,tp,0.005874308030951464,9,37.190436238182684,0.006579643958756356,0.001984091635762979
BNB/USDT:USDT,bnb_trend,short,1768935600000,1768953600000,892.39,877.10542665833,0.011134189949352336,0.16432182782534793,tp,0.005859515055612941,5,45.704257466382884,0.00710876847626991,6.343793900538505
LINK/USDT:USDT,link_trend,short,1768953600000,1768957200000,12.12,12.31789386486828,0.8211367324430769,-0.16856672663973893,sl,0.006068805071267138,1,53.896520413674814,0.010580156165507016,0.12823149272594503
BTC/USDT:USDT,btc_trend,short,1768953600000,1768964400000,88390.6,89304.52586308982,0.0006568011111201375,-0.6354607094477793,sl,0.035193187088960666,3,57.808320107543,0.007284343316507969,643.8674763521293
BNB/USDT:USDT,bnb_trend,short,1768960800000,1768996800000,880.24,865.6661008200726,0.01130424852840822,0.15887555551009075,tp,0.005871422847772912,10,52.87164693661323,0.007961585071781201,7.008105643584684
ETH/USDT:USDT,eth_trend,short,1768975200000,1768996800000,2991.71,2927.8900092168333,0.0033238319604813045,0.20628783644906665,tp,0.005839088633645286,6,66.19983660716741,0.009447065501545875,28.262880331629813
BTC/USDT:USDT,btc_trend,short,1768971600000,1769004000000,89400.4,89314.70006486273,0.0006488449837235613,0.020835135953332688,sl,0.03477083706591636,9,53.207505396732365,0.006552325416180018,585.78051313666
LINK/USDT:USDT,link_trend,short,1768964400000,1769004000000,12.296,12.273281991003552,0.8087245621867375,0.01241718911654504,sl,0.00595542276286123,11,49.694582067039384,0.010052647828268755,0.12360735769639261
TRX/USDT:USDT,trx_trend,short,1768957200000,1769004000000,0.29737,0.2966108605948134,33.46158531657296,0.019446966203255457,sl,0.005955041770569285,13,49.94722586501344,0.00546038659760843,0.001623755162530819
BNB/USDT:USDT,bnb_trend,short,1769004000000,1769007600000,874.09,883.7598780289496,0.011381093541215683,-0.11608867868351422,sl,0.006034892303892503,1,60.97431107282421,0.006947198267460832,6.0724765336048385
BTC/USDT:USDT,btc_trend,short,1769011200000,1769018400000,90237.1,88132.28481334566,0.0006430137465002378,1.3194229364739367,tp,0.03400216238727324,2,36.65849565776225,0.007178910262020192,647.8040432049423
TRX/USDT:USDT,trx_trend,short,1769011200000,1769058000000,0.299,0.3007539616727754,38.811383813511426,-0.07507728614022495,sl,0.007003606463949714,13,45.87882034715499,0.0049385343509467175,0.0014766217709330685
BTC/USDT:USDT,btc_trend,short,1769025600000,1769094000000,90321.9,88879.11897499698,0.0006432531839134995,0.8937704222647164,tp,0.03430306575845612,19,32.63772692450918,0.010261155679926998,926.8070772067982
TRX/USDT:USDT,trx_trend,short,1769119200000,1769126400000,0.30692,0.30677845798484954,227.34365575450357,-0.009667802519832118,sl,0.04184648168700304,2,31.866831888396458,0.004488233730026375,0.0013775286964196952
TRX/USDT:USDT,trx_trend,long,1769162400000,1769166000000,0.30847,0.30612576511904527,37.6987953254943,-0.0952991745098477,sl,0.006924343537849938,1,46.47707079339041,0.00499226344304211,0.0015399635042751998
BTC/USDT:USDT,btc_trend_loose,short,1769158800000,1769184000000,89185.1,89977.02164369082,0.0007823578289376623,-0.6618026342311538,sl,0.042236536384460996,7,15.08911565172296,0.005172943261180097,461.34946204267305
BTC/USDT:USDT,btc_trend,short,1769191200000,1769245200000,90576.0,89593.20156362145,0.0006414536020508773,0.5959376679876383,tp,0.034481929117353156,15,19.147226763359797,0.006767198537964265,612.9457747746512
TRX/USDT:USDT,trx_trend,short,1769187600000,1769248800000,0.29966,0.2965225113111697,38.77757260031145,0.11476514148777531,tp,0.006899053925997333,17,39.456560102910345,0.006634732438122573,0.00198816392240781
TRX/USDT:USDT,trx_trend,short,1769256000000,1769277600000,0.29495,0.296655370628533,39.42390437279603,-0.07424955635746094,sl,0.007017187778001388,6,37.5641153649465,0.004280849482858887,0.0012626365549692287
BTC/USDT:USDT,btc_trend_loose,short,1769252400000,1769310000000,89590.1,89011.44824875644,0.0006489677016366313,0.3408669640589437,tp,0.034659332993606046,16,12.558185179865013,0.0037717017227717666,337.90713451329486
AVAX/USDT:USDT,avax_trend,short,1769284800000,1769310000000,12.028,11.868921795927662,0.8285783621575511,0.12590815871587555,tp,0.00590059906934748,7,21.911376962035185,0.005417992757521005,0.06516761688746266
BTC/USDT:USDT,btc_trend,short,1769317200000,1769328000000,88977.4,88378.03523622136,0.0001307364164249271,0.0714262647773159,tp,0.006932536570475709,3,27.9067721724108,0.002537571902048225,225.7865501573057
TRX/USDT:USDT,trx_trend,short,1769284800000,1769328000000,0.29624,0.2961484360047005,33.642183609073626,-0.0028974352939190595,sl,0.005977848035766074,12,34.1171985785451,0.0038690434422319242,0.0011461654293267853
LINK/USDT:USDT,link_trend,short,1769328000000,1769331600000,12.084,12.078282411121148,0.8251683264239431,-0.0012619964036138156,sl,0.005979969649956351,1,23.60044887918424,0.004484394132351401,0.05418941869533433
BNB/USDT:USDT,bnb_trend,short,1769317200000,1769331600000,882.77,882.165849487083,0.06588669345415944,0.004931685104200868,sl,0.034873794540530155,4,20.387375135292064,0.0027847441739367,2.4582886144261007
XRP/USDT:USDT,xrp_trend,short,1769328000000,1769335200000,1.8939,1.904822725810381,5.264963363344853,-0.06352504433855222,sl,0.006017293119035,2,21.411782810207594,0.0037302920306565694,0.007064800076860477
AVAX/USDT:USDT,avax_trend,short,1769328000000,1769335200000,11.928,12.036383392386819,0.8359552505551848,-0.09664079267547998,sl,0.006037126736736592,2,32.065829164912174,0.00546528510570871,0.0651899207408935
BTC/USDT:USDT,btc_trend,short,1769335200000,1769342400000,88361.6,88745.63560743343,0.0006581650972833465,-0.2878044008625137,sl,0.0350455679358233,2,39.05863507112946,0.002942310846682957,259.9872941102608
LINK/USDT:USDT,link_trend,short,1769338800000,1769349600000,12.098,11.949271009359386,0.8240678634111863,0.11665457540651157,tp,0.005908206138002411,3,28.97257897346974,0.005009566940251843,0.060605740843166805
BTC/USDT:USDT,btc_trend,short,1769349600000,1769356800000,88875.1,88139.29432236298,0.0006542384754196375,0.44679391421714276,tp,0.03459847052521528,2,41.14838633868923,0.0030235455959894794,268.7179171981246
BNB/USDT:USDT,bnb_trend,short,1769338800000,1769356800000,882.56,875.6676376576177,0.01129617597942634,0.07192232049284003,tp,0.005935017440681393,5,32.54553728031083,0.003128427243737257,2.7610247482327535
XRP/USDT:USDT,xrp_trend,short,1769342400000,1769356800000,1.9011,1.880857177488908,5.242572768022587,0.1002081516730196,tp,0.0059163183715459046,4,23.794591493488998,0.004510714327273946,0.008575319007580498
ETH/USDT:USDT,eth_trend,short,1769328000000,1769356800000,2938.43,2907.503986457528,0.0033934087833334767,0.09902479624938126,tp,0.005919809739133243,8,20.07584207564732,0.003804473771824119,11.179179865341146
LINK/USDT:USDT,link_trend,short,1769356800000,1769360400000,11.957,11.753620119374114,0.8342280590899135,0.16378208325279253,tp,0.005883119819679375,1,34.265611803413975,0.0057924398130759485,0.06926020284494912
BTC/USDT:USDT,btc_trend,short,1769364000000,1769367600000,87845.7,86833.6128594138,0.0006624801569183895,0.6359723204268916,tp,0.03451532728373708,1,44.42079562421663,0.003744852961825142,328.96922982860286
BNB/USDT:USDT,bnb_trend,short,1769364000000,1769367600000,869.84,860.7860757776189,0.011469174133874082,0.09791753026432554,tp,0.005923503237064584,1,44.96350410412698,0.003941888337014246,3.4288121510684713
ETH/USDT:USDT,eth_trend,short,1769364000000,1769367600000,2883.04,2836.583365979296,0.0034603496572771014,0.1548668554448077,tp,0.00588934216698263,1,38.1908985805307,0.0055570890925881414,16.021310137495316
AVAX/USDT:USDT,avax_trend,short,1769360400000,1769367600000,11.662,11.395041083750986,0.8554692825965374,0.22252628799364937,tp,0.005848864572644715,2,36.86944447276679,0.008161131853379923,0.09517511967411667
BNB/USDT:USDT,bnb_trend,short,1769374800000,1769385600000,861.24,868.2709758655952,0.011596399213583203,-0.08757529311553389,sl,0.0060412901170229455,3,52.98658432537208,0.005174890001937609,4.456822265268746
ETH/USDT:USDT,eth_trend,short,1769374800000,1769385600000,2807.76,2844.545505582971,0.003557021570269781,-0.1369177026644906,sl,0.006070865832583552,3,47.56130376126218,0.00825783795749162,23.18602710352667
BTC/USDT:USDT,btc_trend,short,1769374800000,1769389200000,86618.3,87388.31003837056,0.0006726041691782674,-0.5531786071187053,sl,0.03526664500155064,4,51.25811113637639,0.005352940107727556,463.6625721331778
LINK/USDT:USDT,link_trend,short,1769367600000,1769389200000,11.613,11.785632759262992,0.8600206107986326,-0.15454926331577365,sl,0.006081532250561838,6,42.524523223072045,0.00824873130426472,0.09579251663642618
BNB/USDT:USDT,bnb_trend,short,1769392800000,1769400000000,874.59,874.0876476785762,0.011408683727178185,-0.00025213495858076706,sl,0.005983313713318818,2,49.403680817704384,0.005694776947322885,4.980594970359123
BTC/USDT:USDT,btc_trend,short,1769396400000,1769414400000,87514.8,88291.78228723965,0.0006650808893255728,-0.5519887768378045,sl,0.035232706250242316,5,49.22156814606792,0.006255831918708681,547.4778791994065
LINK/USDT:USDT,link_trend,short,1769396400000,1769414400000,11.73,11.897833362842874,0.8506210005344705,-0.1488349111760465,sl,0.0060723281515762855,5,49.22732565905917,0.010333680230192233,0.1212140691001549
BTC/USDT:USDT,btc_trend,short,1769421600000,1769436000000,87630.4,88311.9803056973,0.0007964717229252701,-0.5850622374560808,sl,0.042202797065412745,4,34.462989287513786,0.005861731072588236,513.6658385833362
LINK/USDT:USDT,link_trend,short,1769425200000,1769436000000,11.812,11.962414603405874,0.9847917165697483,-0.155195347572193,sl,0.0070682920869642556,3,30.797405505672117,0.009298554297654534,0.10983452336389535
BTC/USDT:USDT,btc_trend,short,1769443200000,1769468400000,87609.5,88496.66182338937,0.0007960572501012178,-0.7485006470746812,sl,0.04226904555255885,7,26.233033155800005,0.006564623391331746,575.1233730028786
BNB/USDT:USDT,bnb_trend,short,1769407200000,1769468400000,872.46,879.6783526523337,0.011436354514076383,-0.08858782803928612,sl,0.006036188099574475,17,40.15956711292528,0.005541423706029553,4.834670526562544
BTC/USDT:USDT,btc_trend,short,1769475600000,1769522400000,88319.4,88278.42984828367,0.0006574867759234997,-0.007887807173662654,sl,0.03482514013472212,13,23.973026597650772,0.006492048216369539,573.3738032408278
LINK/USDT:USDT,link_trend,short,1769475600000,1769522400000,11.949,11.940763780685307,0.9719333850150879,0.0010416803416397648,sl,0.006963376176616217,13,27.904651331927763,0.009401405825872953,0.11233739821335591
BNB/USDT:USDT,bnb_trend,short,1769486400000,1769529600000,885.17,891.1528889272208,0.06560098579408803,-0.4275597163263479,sl,0.03507630480412507,12,21.12408005606695,0.005090155959270776,4.505653350467713
ETH/USDT:USDT,eth_trend,short,1769518800000,1769529600000,2917.15,2950.7150531739258,0.0039811012210593175,-0.14067413135634968,sl,0.007048257180713295,3,25.964929772389052,0.0072155898549805895,21.04895794545663
LINK/USDT:USDT,link_trend,short,1769529600000,1769533200000,11.989,12.136461227228747,0.8298033423969203,-0.12840634488310013,sl,0.006042525654735026,1,22.647846249590298,0.007560165969242961,0.09063882980525387
BTC/USDT:USDT,btc_trend,short,1769529600000,1769544000000,88000.1,88869.76717306819,0.000659472720062166,-0.608686088425399,sl,0.035164312253348796,4,19.29711228134084,0.005132030137568512,451.6191653090429
BTC/USDT:USDT,btc_trend,short,1769551200000,1769598000000,89039.5,89744.94112383874,0.0007815390939355382,-0.5934133247325306,sl,0.04208350798273389,13,18.827301155470952,0.006901568995176266,614.5122525459972
LINK/USDT:USDT,link_trend,short,1769569200000,1769608800000,12.016,11.787606617576111,0.9651974578974032,0.2136182913509393,tp,0.006826420765187442,11,24.729075562642624,0.00893149434905438,0.10732083609823745
BTC/USDT:USDT,btc_trend,short,1769605200000,1769652000000,89955.0,88399.8556258707,0.0007731107178307237,1.1612930579100884,tp,0.041005725503429534,13,24.554196259109546,0.005443662871826953,489.6846936351935
LINK/USDT:USDT,link_trend,short,1769677200000,1769695200000,11.577,11.367851615139049,1.0025549194989969,0.2028446048110806,tp,0.006838137336535361,5,22.904551845114536,0.008788573576872658,0.10174531629945477
BTC/USDT:USDT,btc_trend,short,1769659200000,1769698800000,88003.2,86710.56932133657,0.0007913399147356725,0.9817397303181709,tp,0.04117052072005686,11,19.909184367793006,0.007076898520851823,622.7897159102272
BTC/USDT:USDT,btc_trend,short,1769706000000,1769734800000,85230.3,83425.483801307,0.0006816962864498319,1.1962139948719455,tp,0.03412250550157895,8,33.11949115839683,0.00807366497985175,688.1208883322586
LINK/USDT:USDT,link_trend,short,1769702400000,1769734800000,11.025,10.722386699774516,5.270009692335763,1.5608707761183451,tp,0.03390424909967026,9,35.50018764913889,0.011605595863124318,0.12795169439094561
BNB/USDT:USDT,bnb_trend,short,1769724000000,1769734800000,865.59,849.7793746758744,0.011506701686067156,0.17606125441687226,tp,0.0058668946580207855,3,38.41315917798494,0.008149537219322808,7.05415792167363
BTC/USDT:USDT,btc_trend,short,1769742000000,1769781600000,82128.1,83290.35885112731,0.0008514233516625347,-1.0321235404227793,sl,0.04254921389652125,11,54.043030281034056,0.011054045070497355,907.8477189543138
BTC/USDT:USDT,btc_trend,short,1769788800000,1769796000000,82850.2,84110.2145199148,0.0008431167504848717,-1.1048881860435,sl,0.042548838449169624,2,51.94126407257697,0.01000911028064123,829.2567885731821
LINK/USDT:USDT,link_trend,short,1769749200000,1769796000000,10.907,10.891588539009808,1.068500400457282,0.009484552210323266,sl,0.006982600029328753,13,46.79303556502589,0.014028104774404174,0.15300453877442632
BTC/USDT:USDT,btc_trend,short,1769803200000,1769846400000,84200.0,82644.50837426439,0.0008286785654771235,1.2479111294397744,tp,0.04109143958648852,12,47.714013299310935,0.011049010853070997,930.326713828578
LINK/USDT:USDT,link_trend,short,1769821200000,1769846400000,10.763,10.46082170252363,1.0804570963312707,0.31970920444047723,tp,0.006781481425168693,7,47.25277526558216,0.013834180677865281,0.14889728663586402
BTC/USDT:USDT,btc_trend,short,1769853600000,1769868000000,83075.3,81634.23755832958,0.0007010038782567968,0.9758548101450203,tp,0.03433555027615541,4,42.69359535070265,0.007418789233235771,616.3181411878317
LINK/USDT:USDT,link_trend,short,1769853600000,1769868000000,10.513,10.216780840006129,1.1078745946179558,0.32138233463742816,tp,0.006791347158853371,4,52.74843391951224,0.012817652608575179,0.13475198187395085
BTC/USDT:USDT,btc_trend,short,1769875200000,1769878800000,81268.6,79247.91869375003,0.00086101098358096,1.698888801945197,tp,0.040939997052749796,1,51.40855886730329,0.008263757133787766,671.5839730029444
TRX/USDT:USDT,trx_trend,short,1769889600000,1769929200000,0.28524,0.2872521065277982,40.95388593043595,-0.08946203522174348,sl,0.00705845400241013,11,34.26276250557134,0.0053406804096496315,0.001523375680048461
TRX/USDT:USDT,trx_trend,short,1769936400000,1769961600000,0.28633,0.2832301867987893,40.79424245375957,0.11952203474525645,tp,0.006932496546296054,7,36.41960018256668,0.004538921044172453,0.0012996292625778983
TRX/USDT:USDT,trx_trend,short,1769968800000,1769972400000,0.28445,0.28633282916637554,41.06866799351137,-0.08438087066038344,sl,0.00705558473800601,1,36.43246854825524,0.00426006252809206,0.0012117747861157863
BTC/USDT:USDT,btc_trend,short,1769886000000,1769983200000,77996.8,77528.56108621186,0.0008986407110571548,0.3789763576741531,sl,0.041802192757050896,27,58.57100497599009,0.014011739473393858,1092.870841358406
BTC/USDT:USDT,btc_trend,short,1769990400000,1770012000000,76931.5,76798.81141402759,0.0009113608054029918,0.07893232060503441,sl,0.041994855974568396,6,55.131112667027885,0.012674875818816688,975.097209055296
TRX/USDT:USDT,trx_trend,short,1770008400000,1770012000000,0.28289,0.28274683956252883,41.306616369087536,-0.0010941158689774218,sl,0.007007589138828791,1,33.74887368189772,0.005012130631357704,0.0014178816343047808
BTC/USDT:USDT,btc_trend,short,1770019200000,1770033600000,76612.6,78140.53426437086,0.0007626754314242121,-1.2010754436759536,sl,0.03575751940907848,4,48.82809976818898,0.014902823892670567,1141.7440857596132
BTC/USDT:USDT,btc_trend,short,1770040800000,1770130800000,78172.1,78034.95616434525,0.0008958643863563317,0.0809170353002954,sl,0.04194524287110863,25,35.0972956585418,0.01249507989374053,976.7666349614742
BTC/USDT:USDT,btc_trend,short,1770138000000,1770141600000,76458.2,74166.09963618411,0.0009160074935945559,2.058819087503706,tp,0.04076202182245506,1,26.535669266187522,0.010751756044565273,822.0599140065805
TRX/USDT:USDT,trx_trend,short,1770019200000,1770141600000,0.28348,0.28129172071341224,41.223272236353,0.08325057365169922,tp,0.0069574591084807,34,36.160046028767866,0.005115559736537189,0.0014501588741135624
BTC/USDT:USDT,btc_trend,short,1770148800000,1770152400000,74893.8,76615.10871397109,0.0009371302900247296,-1.6561695377754564,sl,0.043079003429639946,1,35.79689346002946,0.014293622330310379,1070.5036920817995
BTC/USDT:USDT,btc_trend,short,1770159600000,1770213600000,75672.5,75593.14980672294,0.0009259418422006753,0.031476747908067,sl,0.04199691623387319,15,36.738628113510146,0.014664320477905808,1109.6857913643273
BTC/USDT:USDT,btc_trend,short,1770220800000,1770228000000,74107.0,73714.68283637636,0.0009455187292645421,0.32912405807193673,sl,0.0418191679461536,2,34.46394006584757,0.012118544988467872,898.0690134603886
BTC/USDT:USDT,btc_trend,short,1770235200000,1770264000000,73895.3,71052.55168750188,0.0009485260115309346,2.6559836025633943,tp,0.040437116076745036,8,41.680062959422614,0.014010308038448438,1035.295915593559
TRX/USDT:USDT,trx_trend,short,1770267600000,1770292800000,0.28095,0.27764830165045573,41.68983315504703,0.13070218649784002,tp,0.006945066822953801,7,33.3821619330923,0.004537516885811776,0.0012748153690688181
BTC/USDT:USDT,btc_trend,short,1770271200000,1770300000000,70694.9,70592.4672185465,0.0008284000186109848,0.04976803736786397,sl,0.03508728069458355,8,56.9878389766739,0.015080933753843345,1066.1451036345798
TRX/USDT:USDT,trx_trend,short,1770300000000,1770314400000,0.2778,0.2739035368648393,42.16954691344011,0.1573818521461007,tp,0.006930232828547408,4,40.73544326299311,0.004720588749804881,0.001311379554695796
TRX/USDT:USDT,trx_trend,short,1770321600000,1770336000000,0.27261,0.2679318504044656,257.8740820922576,1.1649179248469057,tp,0.04145560799179898,4,45.76488587692642,0.0061003291647379315,0.0016630107335992076
TRX/USDT:USDT,trx_trend,short,1770343200000,1770397200000,0.2711,0.2736368518680898,259.6075750171906,-0.7012088813819037,sl,0.042622919729287785,15,55.36611356860879,0.007032756263404132,0.0019065802230088602
TRX/USDT:USDT,trx_trend,short,1770501600000,1770537600000,0.27793,0.27783922547296436,253.0476870106624,-0.01921365991420169,sl,0.04218394402006053,10,31.139018800214597,0.003763851661466895,0.0010460872922714941
BTC/USDT:USDT,btc_trend,short,1770793200000,1770818400000,66788.0,67751.10401053251,0.0010529917662015376,-1.0569454058909031,sl,0.04280481280449282,7,26.45319705814536,0.010396850099031192,694.3848244140953
BTC/USDT:USDT,btc_trend,short,1770825600000,1770836400000,66489.3,67792.45349785924,0.0010565947200776484,-1.4198825943449596,sl,0.04297748905616854,3,31.249503701488095,0.011891342415475665,790.6470332652862
TRX/USDT:USDT,trx_trend,long,1771034400000,1771038000000,0.28231,0.28264,35.49832362453414,0.005694499082553161,reverse_signal,0.006019947713542997,1,31.879315200672746,0.003342704424207572,0.0009436788859980397
TRX/USDT:USDT,trx_trend,long,1771045200000,1771048800000,0.28218,0.28279,35.51480843564241,0.015638093539232657,reverse_signal,0.006025939606509189,1,35.08226015653628,0.003089392458871477,0.0008717647640443533
LINK/USDT:USDT,link_trend,short,1771027200000,1771052400000,8.764,8.881440418774408,1.334072833609007,-0.16378316528620682,sl,0.007109093031602364,7,34.00081376335897,0.010580809452406668,0.09273021404089203
BTC/USDT:USDT,btc_trend,short,1771012800000,1771056000000,68904.2,69536.92968879623,0.0010181072853127698,-0.6866643386257898,sl,0.042477632828667164,12,27.855779476716844,0.009501728703997955,654.7090149660158
TRX/USDT:USDT,trx_trend,long,1771056000000,1771059600000,0.28267,0.28233,41.32758077729031,-0.021052186992788123,reverse_signal,0.007000809528511423,1,36.082704398360164,0.0027648513103617203,0.0007815405198999474
BTC/USDT:USDT,btc_trend,short,1771063200000,1771066800000,69675.6,70292.076430862,0.0008382988012526242,-0.5521469110378342,sl,0.03535545804572966,1,41.264238899223265,0.006205107914809863,432.34461702912614
TRX/USDT:USDT,trx_trend,long,1771066800000,1771070400000,0.28289,0.28346,41.2712234075016,0.016505352750022288,reverse_signal,0.007019244592254241,1,33.85859773782403,0.002670356322013767,0.0007554170999344744
TRX/USDT:USDT,trx_trend,long,1771077600000,1771081200000,0.28338,0.28309,41.19996293753505,-0.018945967756677756,reverse_signal,0.006997978504792078,1,34.29245896629793,0.002638522762289381,0.0007477045803775648
BTC/USDT:USDT,btc_trend,short,1771074000000,1771113600000,69602.2,69795.4,0.0008387221747319268,-0.19716449396277663,trend_break,0.03512336980457083,11,46.155111680293636,0.0069712158805050155,485.2119619580862
TRX/USDT:USDT,trx_trend,long,1771167600000,1771171200000,0.28034,0.28055,249.82586073223516,0.010410243616723103,reverse_signal,0.04205318713705714,1,32.04435785853972,0.002570131537241966,0.0007205106751504127
LINK/USDT:USDT,link_trend,short,1771221600000,1771232400000,8.686,8.831595934967796,1.3438281814637092,-0.20277680901910747,sl,0.007120888502826035,3,33.91762662333454,0.011997264236383073,0.10420823715722337
BTC/USDT:USDT,btc_trend,short,1771178400000,1771243200000,68607.8,69282.31951241112,0.0010208158548763084,-0.7309949068252332,sl,0.042434694132525305,18,34.430402272760546,0.007577154501613638,519.8519006158082
TRX/USDT:USDT,trx_trend,long,1771268400000,1771272000000,0.28283,0.28342,41.23115328304541,0.01731494035890751,reverse_signal,0.0070114400780884375,1,33.76950836925691,0.002724338108095912,0.000770524547112767
TRX/USDT:USDT,trx_trend,long,1771279200000,1771282800000,0.28504,0.28425,245.4725346771975,-0.23578864318418524,reverse_signal,0.04186534078919603,1,39.436666554927776,0.0028324274241377464,0.0008073551129762233
BTC/USDT:USDT,btc_trend,short,1771250400000,1771293600000,68355.6,69174.81654572717,0.0010236092151948253,-0.8810423932517668,sl,0.042484787805370676,12,24.0449773489023,0.008715636712459226,595.7625768621779
TRX/USDT:USDT,trx_trend,long,1771290000000,1771293600000,0.28508,0.28509,245.3767591780816,-0.0395189085726643,reverse_signal,0.041972676164447574,1,40.50365904850104,0.003109900386010967,0.0008865704020440065
TRX/USDT:USDT,trx_trend,long,1771300800000,1771304400000,0.28415,0.28432,245.9496318397632,-0.00014560218204828085,reverse_signal,0.041957039594808884,1,38.95174671447889,0.0030456227094499124,0.0008654136928901927
TRX/USDT:USDT,trx_trend,long,1771311600000,1771315200000,0.2845,0.28438,245.6435827166452,-0.07139090315776173,reverse_signal,0.041913673231775736,1,35.24523614326586,0.002786144536832222,0.0007926581207287671
TRX/USDT:USDT,trx_trend,long,1771333200000,1771336800000,0.28115,0.28072,248.54925670024733,-0.1487398287856389,reverse_signal,0.041863648404536054,1,32.16175629811673,0.0031958123833019277,0.000898502651565337
TRX/USDT:USDT,trx_trend,long,1771344000000,1771347600000,0.28002,0.28098,249.51158281026446,0.1974664607750411,reverse_signal,0.04206465872281686,1,34.63046380213488,0.0035536824492349954,0.0009951021594347834
BTC/USDT:USDT,btc_trend,short,1771452000000,1771473600000,66300.6,67024.10291479192,0.0010540037030662866,-0.8049609429700594,sl,0.04238619160013195,6,19.11100384864202,0.00877991912898618,582.1139062032612
BTC/USDT:USDT,btc_trend,short,1771480800000,1771506000000,66847.6,65742.86908182947,0.0010445214534914927,1.1127132420624466,tp,0.04120190230203206,7,19.189070282023682,0.006770278148769152,452.5768455776608
BTC/USDT:USDT,btc_trend,short,1771513200000,1771545600000,66381.9,67129.8241532112,0.0010530078938510332,-0.8299829781809478,sl,0.04241294084769789,9,18.80599039385226,0.007449920013010445,494.539845311658
TRX/USDT:USDT,trx_trend,long,1771545600000,1771549200000,0.28481,0.28341688271404203,245.22168214266105,-0.38332254312069414,sl,0.04169997883606,1,31.506842855840485,0.0032335802822054767,0.0009209560001749419
TRX/USDT:USDT,trx_trend,long,1771556400000,1771560000000,0.28347,0.28321,246.28277041948274,-0.10588336635536222,target_flatten,0.04184984604630102,1,33.22939050361179,0.003385123734156734,0.0009595810249214094
BTC/USDT:USDT,btc_trend,short,1771574400000,1771592400000,67794.7,66659.20392583503,0.0010296584792364133,1.1279914321787896,tp,0.04118172872483114,5,17.51745032165267,0.006411505121920105,434.6660662890369
TRX/USDT:USDT,trx_trend,long,1771599600000,1771603200000,0.28578,0.28603,244.5355512181173,0.01916718557558532,reverse_signal,0.041966702228950846,1,31.446238840068176,0.0038604408313149615,0.0011032367807731897
TRX/USDT:USDT,trx_trend,long,1771610400000,1771614000000,0.28563,0.28499,244.6652423167254,-0.198422043527404,reverse_signal,0.04183628844470614,1,34.19663389001848,0.004475875494697846,0.0012784443175505456
TRX/USDT:USDT,trx_trend,long,1771621200000,1771624800000,0.28545,0.28548,244.76743824703124,-0.034582701815039196,reverse_signal,0.04192572496245748,1,34.78516255327785,0.003965469290801337,0.0011319432090592415
TRX/USDT:USDT,trx_trend,long,1771632000000,1771635600000,0.28522,0.28521,244.95290054825946,-0.044367339064692896,reverse_signal,0.04191781005922145,1,35.66417632447008,0.0036041551249773912,0.0010279771247460514
TRX/USDT:USDT,trx_trend,long,1771642800000,1771646400000,0.28474,0.28453,245.35148719572908,-0.09340972750218063,reverse_signal,0.041885915191080474,1,34.83376487750888,0.003233431285206894,0.0009206872241498109
TRX/USDT:USDT,trx_trend,long,1771668000000,1771671600000,0.28644,0.28657,243.86910251302982,-0.010228357897596865,reverse_signal,0.04193134122429537,1,32.04427110212562,0.002813480070669581,0.0008058932314425947
TRX/USDT:USDT,trx_trend,long,1771686000000,1771689600000,0.28598,0.28723,244.25544368368162,0.2632248099510372,reverse_signal,0.04209449465355832,1,31.6393099126119,0.0025069051305896457,0.0007169247292460269
TRX/USDT:USDT,trx_trend,long,1771696800000,1771700400000,0.28745,0.28839,243.06703632266783,0.18642415258025039,reverse_signal,0.0420588615630565,1,33.496263636307624,0.0025810593883909285,0.0007419255211929723
TRX/USDT:USDT,trx_trend,long,1771707600000,1771711200000,0.28899,0.28952,241.81352678970623,0.08615525783284478,reverse_signal,0.04200591136569345,1,37.162938960710406,0.0025387634470552204,0.0007336772485644882
TRX/USDT:USDT,trx_trend,long,1771718400000,1771722000000,0.289,0.28914,241.82264232294122,-0.00809718935553435,reverse_signal,0.04195235928075313,1,39.34938534462633,0.002515609918458366,0.0007270112664344678
TRX/USDT:USDT,trx_trend,long,1771729200000,1771732800000,0.28879,0.28770968377314265,241.99313831387613,-0.3032033756883456,sl,0.0417742615797334,1,39.216550833641584,0.002531238150337802,0.0007309962654360538
XRP/USDT:USDT,xrp_trend,short,1771765200000,1771772400000,1.408,1.3886056086230028,49.61860496064511,0.9209822403031238,tp,0.04134040388424056,2,20.72317378508982,0.006046446169990428,0.008513396207346521
XRP/USDT:USDT,xrp_trend,short,1771786800000,1771794000000,1.3893,1.3884647344229202,7.19019523065502,1.572306182128641e-05,sl,0.005989999506828221,2,34.18072009247754,0.006209421078667637,0.008626748704592948
ETH/USDT:USDT,eth_trend,short,1771794000000,1771797600000,1940.02,1955.3855665470587,0.00514906982086095,-0.08515942507320345,sl,0.00604105008531273,1,21.88457826879163,0.005237136906566998,10.160150341478108
XRP/USDT:USDT,xrp_trend,short,1771801200000,1771804800000,1.4004,1.3805339481040197,7.132552742801384,0.13578762422046137,tp,0.005908038718847849,1,38.60073902518839,0.006208134502622734,0.008693871557472877
BTC/USDT:USDT,btc_trend,short,1771783200000,1771808400000,67365.0,66542.43783264971,0.0010380239955387598,0.8123956792168082,tp,0.04144358831516195,7,17.631340599141474,0.004460278003392161,300.4666276985129
LINK/USDT:USDT,link_trend,short,1771786800000,1771808400000,8.631,8.47670574014237,1.1573813246049638,0.1726908263022796,tp,0.005886468550687485,6,23.56496632677399,0.00703230263174216,0.06069580401456658
AVAX/USDT:USDT,avax_trend,short,1771786800000,1771808400000,8.812,8.651387040607297,1.1336039781289777,0.17618714164729607,tp,0.005884348059339549,6,34.85419046916064,0.007125542024456414,0.06279027631950991
BNB/USDT:USDT,bnb_trend,short,1771815600000,1771822800000,587.05,594.319417145933,0.017036437801925076,-0.12992002453374615,sl,0.00607505147080983,2,39.84539085238942,0.008296023362914188,4.870180515198774
BTC/USDT:USDT,btc_trend,short,1771815600000,1771826400000,64742.4,65437.99718823015,0.0009011307695080098,-0.6622049451542147,sl,0.03538091565677568,3,30.533155912603014,0.007412669040230992,479.913984070251
LINK/USDT:USDT,link_trend,short,1771815600000,1771826400000,8.217,8.345285099104586,1.2171426085118342,-0.16223570140193425,sl,0.006094441244579458,3,32.97423240227401,0.010565383031802444,0.08681575237232068
LINK/USDT:USDT,link_trend,short,1771833600000,1771837200000,8.35,8.475114381462381,1.1965916945795168,-0.1557955806180209,sl,0.006084750887681582,1,38.71609939424562,0.010352226872245287,0.08644109438324814
BNB/USDT:USDT,bnb_trend,short,1771830000000,1771837200000,598.44,605.8139122528373,0.016696205471605493,-0.12918523023687878,sl,0.00606887613391833,2,43.38721534283446,0.008683469865543239,5.1965357063356965
BTC/USDT:USDT,btc_trend,short,1771833600000,1771866000000,65915.8,64578.57370749179,0.0008842290787832395,1.1481530211061552,tp,0.0342613516431066,9,36.515923160634216,0.00726964973903597,479.1847782683472
BTC/USDT:USDT,btc_trend,short,1771873200000,1771905600000,64602.9,63007.59189006279,0.0010835592012327813,1.687647307759747,tp,0.040963473563998494,9,32.90769659439327,0.00887796666904489,573.5423929236401
TRX/USDT:USDT,trx_trend,short,1771902000000,1771927200000,0.28246,0.2800309948900431,41.30383458801667,0.09338741293963407,tp,0.006939812335473647,7,43.35493531966119,0.003589472903730846,0.0010138825163878147
LINK/USDT:USDT,link_trend,short,1771912800000,1771941600000,8.17,8.16167181927381,1.2260402280184768,0.004206761809528564,sl,0.006003922786988662,8,34.03915809760832,0.012091489023222036,0.09878746531972403
BTC/USDT:USDT,btc_trend,short,1771912800000,1771945200000,63067.5,63950.002056028956,0.0009264948756543213,-0.8531832421870269,sl,0.035549609521796484,9,44.531272690521774,0.010191099683924556,642.7271793159119
TRX/USDT:USDT,trx_trend,short,1771934400000,1771948800000,0.28035,0.28179173972900645,35.732700208821214,-0.05755876136997036,sl,0.006041507854235257,4,47.4114186288163,0.003144308174315652,0.000881506796669393
TRX/USDT:USDT,trx_trend,short,1771956000000,1771966800000,0.28196,0.28326235074894757,35.4959580513081,-0.052260988664552664,sl,0.006032801111819738,3,36.93203012543661,0.003369923825279521,0.0009501837217758137
BTC/USDT:USDT,btc_trend,short,1771952400000,1771981200000,64227.3,65028.08627277791,0.0009090098718473843,-0.7633893306165684,sl,0.0354667034215791,8,47.47296834655552,0.009448733763640409,606.8666580574617
LINK/USDT:USDT,link_trend,short,1771948800000,1771981200000,8.21,8.327621077022036,1.2190715122777767,-0.14947968361301764,sl,0.006091179372024923,9,39.55476199550649,0.010846420136755804,0.08904910932276516
BNB/USDT:USDT,bnb_trend,short,1771977600000,1771981200000,583.4,590.5945440071155,0.020013508152684444,-0.15107998637410341,sl,0.007091921232850414,1,40.04800024136732,0.008360681073777673,4.8776213384418945
BTC/USDT:USDT,btc_trend,short,1771988400000,1772028000000,65852.0,66723.77057062511,0.0010626958033967868,-0.9689711695114593,sl,0.04254424258332799,11,33.55139711157294,0.009683962000310426,637.7082656444422
BTC/USDT:USDT,btc_trend,short,1772042400000,1772049600000,68625.6,69005.2,0.0010187428063929897,-0.42889389996899574,trend_break,0.042179130662225714,2,27.473603538816864,0.009561443037792125,656.1597653343073
BTC/USDT:USDT,btc_trend,short,1772208000000,1772258400000,66072.6,64915.41106891523,0.001057637129395487,1.1826918098308616,tp,0.04119416940987331,14,18.901432612289366,0.008785796326540531,580.5004063649819
TRX/USDT:USDT,trx_trend,short,1772229600000,1772258400000,0.28265,0.28097388998384026,41.20517522495802,0.062117859889916326,tp,0.0069465470222533285,8,35.32598805359471,0.0027412722940640404,0.000774820613917201
TRX/USDT:USDT,trx_trend,short,1772265600000,1772269200000,0.28042,0.27970580741850803,207.92224470422508,0.11360228909375687,sl,0.03489423560115833,1,46.85083602441895,0.002820243960778616,0.0007908528114815395
BTC/USDT:USDT,btc_trend,short,1772265600000,1772283600000,63788.4,64694.48646282646,0.00018280970178456658,-0.17273746392676306,sl,0.007096067866424991,5,33.486041002611806,0.010174646023583716,649.0243904107675
LINK/USDT:USDT,link_trend,short,1772276400000,1772283600000,8.304,8.463422968276566,1.2037882417149235,-0.19802439610294395,sl,0.006112901432322807,2,42.63364268550372,0.013571037166664171,0.11269389263197928
TRX/USDT:USDT,trx_trend,short,1772276400000,1772294400000,0.27893,0.28023896006505694,209.05383359863066,-0.3087941369828404,sl,0.03515101735517623,5,53.453689705594016,0.0033009625115000265,0.0009207374733327024
BTC/USDT:USDT,btc_trend,short,1772290800000,1772298000000,64402.4,65429.51485226954,0.00018101523462168043,-0.19302967935628257,sl,0.007106243389299776,2,36.474642718186914,0.010667458130477826,687.0099055022852
BTC/USDT:USDT,btc_trend,short,1772305200000,1772308800000,65873.0,66985.96467945924,0.0001768827561248492,-0.2039734572048706,sl,0.00710919723251073,1,29.730665731686706,0.010862592636436361,715.5515647399724
TRX/USDT:USDT,trx_trend,short,1772301600000,1772326800000,0.28132,0.28244685817930015,207.09394521255302,-0.2684613265502452,sl,0.035095820503945024,7,48.87972531266959,0.0031238695299736236,0.0008788069761721799
BTC/USDT:USDT,btc_trend,short,1772316000000,1772330400000,66684.8,67922.14646261018,0.0008734667357741157,-1.1163776170522415,sl,0.035596641334480504,4,30.656157700907883,0.01130515106159557,753.8817375122883
BTC/USDT:USDT,btc_trend,short,1772337600000,1772352000000,67474.7,67113.9,0.001034440928447009,0.331571067967064,trend_break,0.041655219016619824,4,31.80894372708434,0.011878276905033784,801.483170684083
TRX/USDT:USDT,trx_trend,short,1772575200000,1772589600000,0.28035,0.2798910528426933,249.04877513523343,0.07247631304996337,sl,0.04182391432907019,4,32.235082962271875,0.002455755901976268,0.0006884711671190468
TRX/USDT:USDT,trx_trend,short,1772614800000,1772636400000,0.28368,0.28507386620009056,246.1397347699473,-0.385186660284889,sl,0.042100803489800234,6,32.00997920283203,0.003371775208500227,0.0009565051911473443
TRX/USDT:USDT,trx_trend,long,1772650800000,1772654400000,0.28684,0.28755,243.3307047289056,0.13078295387064207,reverse_signal,0.04198184648687808,1,43.52609282136523,0.0034031905267968656,0.0009761711707064128
TRX/USDT:USDT,trx_trend,long,1772661600000,1772665200000,0.2873,0.28719,242.96956837277895,-0.06859371072559246,reverse_signal,0.04186705820458703,1,47.062448031895094,0.003428964225642044,0.0009851414220269593
TRX/USDT:USDT,trx_trend,long,1772672400000,1772676000000,0.28732,0.28705,242.93254267559058,-0.1074320583474246,reverse_signal,0.04184027182501697,1,47.548861775155764,0.003529723799432434,0.001014160242052927
TRX/USDT:USDT,trx_trend,long,1772683200000,1772686800000,0.28479,0.28493,245.06085440560452,-0.007586593930681604,reverse_signal,0.04189511354747334,1,43.85841586406484,0.004022515454574985,0.00114557217630841
TRX/USDT:USDT,trx_trend,long,1772694000000,1772697600000,0.28475,0.284,245.08998276476487,-0.22558082013669656,reverse_signal,0.04176333306311593,1,36.25614756596628,0.003757147299878905,0.0010698476936405181
TRX/USDT:USDT,trx_trend,long,1772773200000,1772776800000,0.28544,0.28582,244.43877831993038,0.05096744078992996,reverse_signal,0.0419192949716415,1,34.45770872124226,0.003054844059121746,0.0008719746882357112
TRX/USDT:USDT,trx_trend,long,1772784000000,1772787600000,0.28597,0.28575,243.9948099032341,-0.0955117683366205,reverse_signal,0.041832910157909485,1,37.863801119296895,0.0030912746230565545,0.0008840118039554829
TRX/USDT:USDT,trx_trend,long,1772794800000,1772798400000,0.28684,0.28674,243.22804738357013,-0.06616873092241327,reverse_signal,0.04184592618405893,1,38.48110808405406,0.0030664690472728836,0.0008795859815197538
TRX/USDT:USDT,trx_trend,long,1772805600000,1772809200000,0.28583,0.28549,244.0678884472418,-0.12479044695573221,reverse_signal,0.04180736488368184,1,37.74279685520652,0.003068719415319059,0.0008771320704806465
BTC/USDT:USDT,btc_trend,short,1772856000000,1772910000000,68063.2,67088.0339520107,0.0008540008407096721,0.7984166823764478,tp,0.034375942437945686,15,48.86432811102781,0.007593004142207845,516.804159531921
BNB/USDT:USDT,bnb_trend,short,1772856000000,1772910000000,626.95,619.6311829049789,0.018542260749461238,0.1288137971763435,tp,0.006893617777152736,15,37.2221333697599,0.006181067539433465,3.875220293847811
ETH/USDT:USDT,eth_trend,short,1772877600000,1772910000000,1985.29,1951.986863208316,0.005019076702738864,0.1612726949257579,tp,0.005878303073508703,9,38.943375976507774,0.008548062736927159,16.97038347099412
LINK/USDT:USDT,link_trend,short,1772834400000,1772935200000,8.778,8.628331269821087,7.946253424087998,1.1481679155249014,tp,0.04113774413818881,28,32.607080316982135,0.011769439881971773,0.10331214328394824
AAVE/USDT:USDT,aave_trend,short,1772888400000,1772935200000,109.64,107.34529243188481,0.09088200345252521,0.20269416798553594,tp,0.00585345314244413,13,41.17217280712437,0.008837445627106678,0.9689375385559763
XRP/USDT:USDT,xrp_trend,short,1772902800000,1772942400000,1.3599,1.3425042698440834,7.32721739093253,0.12156020414636041,tp,0.005902092380041648,11,25.061207642518713,0.006162985256631369,0.008381043650493
ETH/USDT:USDT,eth_trend,short,1772917200000,1772942400000,1965.26,1930.7876404920323,0.005075670245320063,0.16909030461444136,tp,0.005880024826126283,7,37.18520746914186,0.007389570831087043,14.522427971502122
BTC/USDT:USDT,btc_trend,short,1772917200000,1772946000000,67354.4,67067.64855185858,0.0008639133230563077,0.2129640153770496,sl,0.034764381078005224,8,51.352221290034024,0.005870083993066115,395.3759853025723
BTC/USDT:USDT,btc_trend,short,1772953200000,1772960400000,67134.3,67717.836574267,0.0008683365054619926,-0.5419872314492734,sl,0.035281121741007185,2,56.88458905766948,0.005818671235725443,390.6324203405626
LINK/USDT:USDT,link_trend,short,1772942400000,1772960400000,8.597,8.695811656289312,1.162194591743196,-0.12090210770728033,sl,0.006063735166654128,5,40.628278947142164,0.0075484169153880185,0.06489374022159079
ETH/USDT:USDT,eth_trend,short,1772949600000,1772960400000,1947.86,1969.397341652185,0.005130490168627298,-0.11655950382458376,sl,0.006062384219680362,3,44.4085169011135,0.007735592007843616,15.067850248398265
AAVE/USDT:USDT,aave_trend,short,1772942400000,1772964000000,107.72,109.20162702835603,0.09275312776125551,-0.14350281653373503,sl,0.006077275478098847,6,43.63869989297943,0.008445066192498931,0.9097025302559849
AVAX/USDT:USDT,avax_trend,short,1772935200000,1772964000000,8.9,8.984290202947161,1.1223034131606067,-0.10064904219935437,sl,0.006049859735755799,8,33.35029434281749,0.005899745889547726,0.052507738416974765
LINK/USDT:USDT,link_trend,short,1772967600000,1772971200000,8.726,8.554982385499933,1.144048540000399,0.18978006311843731,tp,0.005872389064716197,1,39.63367286388864,0.007877455096620155,0.06873867317310747
ETH/USDT:USDT,eth_trend,short,1772967600000,1772971200000,1973.1,1935.4463646589788,0.005059524400237374,0.18463402390113073,tp,0.005875462864405694,1,42.513056834140734,0.0073677971078683745,14.537400473535088
BTC/USDT:USDT,btc_trend,short,1772967600000,1772974800000,67869.1,66739.23000791574,0.0008580437465343839,0.9351187737306682,tp,0.0343591073740872,2,47.35260057322149,0.005926280591695818,402.21133010586266
BNB/USDT:USDT,bnb_trend,short,1772917200000,1772974800000,621.0,613.1302855066539,0.01606285290882612,0.12050089338705189,tp,0.0059091729540239665,16,44.54409391322358,0.004949281144421509,3.0735035906857573
XRP/USDT:USDT,xrp_trend,short,1772964000000,1772985600000,1.3603,1.3399593357929507,7.338898769069432,0.143377779959137,tp,0.005900295552032387,6,24.881414621497765,0.006200734497484739,0.00843485913692849
BTC/USDT:USDT,btc_trend,short,1772982000000,1772996400000,67304.1,67261.14729292277,0.0008664692026956593,0.0022493702544521127,sl,0.03496782760037646,4,41.51940605657293,0.006644002665868253,447.16861982386354
BNB/USDT:USDT,bnb_trend,short,1772982000000,1772996400000,617.63,617.2932881864615,0.016186181602290923,-0.0005448941971059442,sl,0.005994972758676823,4,38.40293959603864,0.00562716419149127,3.4755054195907533
ETH/USDT:USDT,eth_trend,short,1772978400000,1772996400000,1943.13,1941.5767983316337,0.005144899194237449,0.0019975358688949073,sl,0.005993530143171928,5,41.939347128510654,0.008893192963858177,17.28063004386174
TRX/USDT:USDT,trx_trend,long,1772996400000,1773000000000,0.28944,0.28988,34.544368942782995,0.009191289333345934,reverse_signal,0.006008233001480361,1,30.910331514452896,0.002804504114584874,0.0008117356709254458
BTC/USDT:USDT,btc_trend,short,1773003600000,1773007200000,67195.7,65996.757589772,0.0008679890533488632,1.0062982097869442,tp,0.034370677886664355,1,36.65876243395274,0.006743270027674086,453.1187497985796
LINK/USDT:USDT,link_trend,short,1772978400000,1773007200000,8.589,8.399188792627138,1.1639571505128123,0.2150663345569024,tp,0.0058657775122112595,8,35.93234565433828,0.009136324317518018,0.07847188956316227
TRX/USDT:USDT,trx_trend,long,1773007200000,1773010800000,0.2905,0.2892086258656301,40.20357854549206,-0.05889419446636911,sl,0.006976333023613611,1,37.35053742280792,0.002744028929993037,0.0007971404041629772
TRX/USDT:USDT,trx_trend,long,1773018000000,1773021600000,0.28927,0.28951,40.371586991081486,0.0026763939879852422,reverse_signal,0.0070127868898728,1,37.32756933583887,0.002940103609490663,0.0008504837711173643
BTC/USDT:USDT,btc_trend,short,1773014400000,1773025200000,65934.3,66806.90282283594,0.0008856107683864351,-0.8082854039533749,sl,0.035498947525469775,3,37.739689339441014,0.008148986765398518,537.2977380858155
TRX/USDT:USDT,trx_trend,long,1773028800000,1773032400000,0.29026,0.28881344074134935,201.00707896000634,-0.32560077877660804,sl,0.03483212765268451,1,37.437229497985456,0.0030850907534906054,0.0008954784421081832
TRX/USDT:USDT,trx_trend,long,1773039600000,1773043200000,0.28826,0.28805,40.46659584102495,-0.01549182688582134,target_flatten,0.006993841759204341,1,34.4639970921577,0.0034069478413049975,0.0009820867847345786
BTC/USDT:USDT,btc_trend,short,1773032400000,1773046800000,67100.3,68064.36550600726,0.00017384315920047303,-0.17469570783762875,sl,0.0070995145971240025,4,33.7996293989159,0.009190578406189243,616.6905682288201
BTC/USDT:USDT,btc_trend,short,1773068400000,1773082800000,69112.8,69045.94544945753,0.0010124887005990156,0.02574453325402555,sl,0.04194494375385106,4,27.368495563815607,0.009963295128693135,688.5912235703429
TRX/USDT:USDT,trx_trend,long,1773241200000,1773244800000,0.28973,0.29037,241.5240103581973,0.11249657049662753,reverse_signal,0.042078796132625856,1,30.92984344134824,0.0027096312817011716,0.0007850614712472804
TRX/USDT:USDT,trx_trend,long,1773252000000,1773255600000,0.29059,0.29029,240.83294885059354,-0.11419672268828676,reverse_signal,0.04194683803310328,1,37.69525045979806,0.002779782466708539,0.0008077769870008344
TRX/USDT:USDT,trx_trend,long,1773262800000,1773266400000,0.29128,0.29059,240.23164331520636,-0.20764518182606428,reverse_signal,0.04188534793857948,1,42.350202322270945,0.0030630061609550462,0.0008921924345629858
TRX/USDT:USDT,trx_trend,long,1773273600000,1773277200000,0.29127,0.29066,240.18662497580453,-0.18840142788452105,reverse_signal,0.041887586649280405,1,45.79157500356773,0.0028995453542785075,0.0008445505753407008
TRX/USDT:USDT,trx_trend,long,1773284400000,1773288000000,0.28998,0.28973,241.20625811619792,-0.10223237802745982,reverse_signal,0.04193081349840361,1,47.988909028545855,0.003074502793225097,0.0008915443199794137
TRX/USDT:USDT,trx_trend,long,1773295200000,1773298800000,0.28961,0.28971,241.48632724078232,-0.01782796959486725,reverse_signal,0.041976602318956224,1,45.56504213847404,0.0028503483459594377,0.0008254893844733127
TRX/USDT:USDT,trx_trend,long,1773306000000,1773309600000,0.28977,0.28992,241.34530199247004,-0.0057807026733276284,reverse_signal,0.041982497972194145,1,44.064630289808825,0.0025971012116776226,0.0007525620181078247
TRX/USDT:USDT,trx_trend,long,1773316800000,1773320400000,0.28895,0.28863,242.02541763065136,-0.11936161141624621,reverse_signal,0.04191347777444094,1,40.77109055027621,0.0025407776746999527,0.0007341577091045513
TRX/USDT:USDT,trx_trend,long,1773327600000,1773331200000,0.28938,0.28946,241.63352701000628,-0.022635262276196836,reverse_signal,0.041965944436989845,1,34.76675637365784,0.0024779836016443563,0.0007170788946438439
TRX/USDT:USDT,trx_trend,long,1773435600000,1773439200000,0.29162,0.29228,239.7686943387136,0.11619958187475801,reverse_signal,0.04204775638879152,1,31.232245471065973,0.002685145910414832,0.0007830422503951733
TRX/USDT:USDT,trx_trend,long,1773446400000,1773450000000,0.2933,0.29316,238.41971263189188,-0.07531583354157102,reverse_signal,0.04193707377309925,1,38.298960677316096,0.0026733016773517818,0.0007840793819672776
TRX/USDT:USDT,trx_trend,long,1773457200000,1773460800000,0.29351,0.29396,238.22783076406924,0.0651848519649891,reverse_signal,0.04201767187884347,1,45.362199013803036,0.0027400246545730735,0.0008042246363637428
TRX/USDT:USDT,trx_trend,long,1773468000000,1773471600000,0.29446,0.29395,237.47142102727366,-0.1629932592504923,reverse_signal,0.04188283452658025,1,51.707153762765614,0.0025806263217740873,0.0007598912267095978
TRX/USDT:USDT,trx_trend,long,1773478800000,1773482400000,0.29337,0.29361,238.31150474097066,0.015212376593626183,reverse_signal,0.04198238454419783,1,51.31037794399941,0.0026793931914267702,0.0007860535805688716
TRX/USDT:USDT,trx_trend,long,1773489600000,1773493200000,0.29485,0.29728024037947814,237.11559173808408,0.5339540175799742,tp,0.0422938680657719,1,50.34008017208962,0.002620865821121933,0.0007727622873578019
TRX/USDT:USDT,trx_trend,long,1773500400000,1773504000000,0.29736,0.29816,235.23651538792552,0.14610634065349443,reverse_signal,0.04208287165683832,1,54.56727998809796,0.0031828667901011476,0.0009464572687044773
TRX/USDT:USDT,trx_trend,long,1773511200000,1773514800000,0.29702,0.29672,235.53692802025546,-0.11259418877538405,reverse_signal,0.04193311036930211,1,56.40144963228728,0.0034983761674810127,0.0010390876892652104
TRX/USDT:USDT,trx_trend,long,1773522000000,1773525600000,0.29696,0.29724,235.55467853874242,0.023945546401534984,reverse_signal,0.04200976358931348,1,52.92581972286577,0.0032512350287034657,0.0009654867541237812
TRX/USDT:USDT,trx_trend,long,1773532800000,1773536400000,0.29765,0.29763,195.84201524059893,-0.038889915702451566,reverse_signal,0.034973075397635674,1,51.45954534130662,0.0029386222185667538,0.0008746809033563943
DOT/USDT:USDT,dot_trend,short,1773529200000,1773540000000,1.407,1.4261133551811933,8.286071336492572,-0.16546475070806113,sl,0.007090126196973682,3,38.772043386769575,0.008385699354452224,0.01179867899171428
TRX/USDT:USDT,trx_trend,long,1773543600000,1773547200000,0.29698,0.29685,235.4896965577705,-0.07255673040641913,reverse_signal,0.041943069853904495,1,46.98808188694592,0.0028319140875704635,0.0008410218457266764
TRX/USDT:USDT,trx_trend,long,1773554400000,1773558000000,0.29613,0.2961,236.14517952378029,-0.04903790797991529,reverse_signal,0.0419535525941948,1,40.012549143219275,0.0026455771619359842,0.0007834347649641031
TRX/USDT:USDT,trx_trend,long,1773565200000,1773568800000,0.29671,0.29697,235.6687012349105,0.019281941797646855,target_flatten,0.04199192052343882,1,33.3687077873023,0.002492649686295057,0.0007395940884206062
TRX/USDT:USDT,trx_trend,long,1773590400000,1773594000000,0.29861,0.29832,234.17042672948432,-0.10982405677271723,reverse_signal,0.04191463302116385,1,31.717676276871693,0.002782619005553101,0.0008309178612482114
TRX/USDT:USDT,trx_trend,long,1773601200000,1773604800000,0.29825,0.29871,234.42402173640056,0.06582017027900686,reverse_signal,0.04201487971972812,1,33.127155168180664,0.0026473262900964167,0.0007895650660212564
TRX/USDT:USDT,trx_trend,long,1773612000000,1773615600000,0.29811,0.29835,234.54628512058716,0.014304977929508828,reverse_signal,0.04198613049943631,1,33.74960580443457,0.0025551944818546063,0.0007617290269856767
TRX/USDT:USDT,trx_trend,long,1773622800000,1773626400000,0.29774,0.29778,234.8378300445036,-0.03256449221661486,target_flatten,0.04195800541839136,1,33.56689647141006,0.0025329648956633785,0.0007541649680348143
TRX/USDT:USDT,trx_trend,long,1773756000000,1773759600000,0.3024,0.30465,231.20819151580062,0.4779558855833722,reverse_signal,0.04226254532717319,1,32.00434289028921,0.0037152714028935514,0.00112349807223501
TRX/USDT:USDT,trx_trend,long,1773766800000,1773770400000,0.30412,0.30424845306237275,230.00734967568502,-0.01244247976500117,sl,0.04198762819908204,1,39.48545546479993,0.004116145633854261,0.0012518022101677578
TRX/USDT:USDT,trx_trend,long,1773777600000,1773781200000,0.30588,0.306,228.67786358079385,-0.014543912123736433,reverse_signal,0.04198525575343375,1,46.18986592579484,0.004383232777191146,0.0013407432418872276
TRX/USDT:USDT,trx_trend,long,1773788400000,1773792000000,0.30612,0.3067,228.49205398685413,0.09047828353770751,reverse_signal,0.04204710777466089,1,52.37047231683964,0.004469205875582992,0.0013681133026334654
TRX/USDT:USDT,trx_trend,long,1773799200000,1773802800000,0.30911,0.3070032663198987,226.299187352326,-0.5184368735843166,sl,0.041684753809621666,1,58.30790609772734,0.004542283349702626,0.0014040652062265787
TRX/USDT:USDT,trx_trend,long,1773810000000,1773813600000,0.30441,0.30298,229.6707463701631,-0.3701805529504694,reverse_signal,0.04175138564113921,1,54.856190830548336,0.005092632541292894,0.0015502482718949698
TRX/USDT:USDT,trx_trend,long,1773820800000,1773824400000,0.30167,0.30263,231.66765162869422,0.1803351967161152,reverse_signal,0.04206574884743504,1,45.23892326018038,0.005053036944383321,0.0015243496550121163
TRX/USDT:USDT,trx_trend,long,1773831600000,1773835200000,0.3036,0.30124149167677006,230.23328560629702,-0.5846206114208347,sl,0.04161349103381084,1,37.52117735186787,0.005161838540120141,0.0015671341807804745
BTC/USDT:USDT,btc_trend,short,1773892800000,1773903600000,71180.0,69851.14630032575,0.0008178435361491428,1.0525180236698601,tp,0.034276385096597715,3,39.801160418007065,0.007448403425378557,530.1773558184457
LINK/USDT:USDT,link_trend,short,1773892800000,1773921600000,9.248,9.044010174800635,1.258940824795893,0.24997959460910282,tp,0.006831524177355576,8,35.67101301626679,0.010529231401735752,0.09737433200325223
BTC/USDT:USDT,btc_trend,short,1773910800000,1773925200000,69957.4,69902.40590420092,0.0009996029262143097,0.013047469390511254,sl,0.0419247896947558,4,42.627761888098576,0.007791694461435924,545.0866861164575
BTC/USDT:USDT,btc_trend,short,1773932400000,1773946800000,69450.1,70406.34127386435,0.0008392929460886508,-0.8380214832678109,sl,0.035454927354638746,4,45.82452068419687,0.008905852642902898,618.5123566348706
LINK/USDT:USDT,link_trend,short,1773928800000,1773968400000,8.988,9.111858643825355,1.111753045809022,-0.14377830648276674,sl,0.006078081960152461,11,35.29468732554156,0.010244545746060053,0.09207797716558776
BTC/USDT:USDT,btc_trend,short,1773954000000,1773993600000,70444.3,71259.02020571679,0.0008267441710761369,-0.7089129688893101,sl,0.03534778775500381,11,41.56618413454485,0.009055549145789404,637.9118206907326
BNB/USDT:USDT,bnb_trend,short,1773928800000,1773993600000,641.01,646.7895188552553,0.01558854993035793,-0.09614382467405726,sl,0.006049506425464397,18,35.55860178722902,0.006801818396896853,4.360033610594852
BNB/USDT:USDT,bnb_trend,short,1774000800000,1774015200000,641.57,641.172105854852,0.018137602266428226,0.00023925096464131029,sl,0.006977594784194113,4,24.18696765308897,0.006198355917377828,3.9766792059120935
BTC/USDT:USDT,btc_trend,short,1774000800000,1774040400000,70544.9,70488.67298280825,0.0008247709790010981,0.011492204920838182,sl,0.034882207094711404,11,22.66346278073091,0.007832998720665037,552.5781114494429
TRX/USDT:USDT,trx_trend,long,1774036800000,1774040400000,0.30975,0.30981,225.40153441479367,-0.02837489756135221,reverse_signal,0.04189898962622833,1,33.217662671506844,0.0049026026481421405,0.0015185811702620282
TRX/USDT:USDT,trx_trend,long,1774047600000,1774051200000,0.31037,0.30814981855982454,37.49071862762913,-0.09016785256157062,sl,0.00693165488566881,1,39.02174932553822,0.00475405122958395,0.0014755148801259706
TRX/USDT:USDT,trx_trend,long,1774058400000,1774062000000,0.30826,0.308,226.46302273776504,-0.10073075251375391,reverse_signal,0.04185036660193897,1,39.26317194292458,0.004760930050099651,0.0014676042972437183
TRX/USDT:USDT,trx_trend,long,1774069200000,1774072800000,0.30888,0.3123537536564791,225.98246213282843,0.7426555219494332,tp,0.04235188218463326,1,37.3997850923555,0.004526235575937243,0.0013980636446954955
BNB/USDT:USDT,bnb_trend,short,1774022400000,1774083600000,640.17,644.2194261207832,0.10906337809085224,-0.483800540168642,sl,0.04215644810668969,17,23.833015789523945,0.006358731125470495,4.070668904592447
TRX/USDT:USDT,trx_trend,long,1774080000000,1774083600000,0.30911,0.30896,225.97933282534973,-0.07578804472563075,reverse_signal,0.04189114480183203,1,40.667720527917524,0.005507978925525217,0.0017025713656691
TRX/USDT:USDT,trx_trend,long,1774090800000,1774094400000,0.30962,0.30987,225.47743180059192,0.014448142874912126,reverse_signal,0.04192121507522965,1,44.12796570113626,0.0050800648636434,0.0015728896830812696
TRX/USDT:USDT,trx_trend,long,1774101600000,1774105200000,0.30872,0.30812,37.688704950599636,-0.029580809231986638,reverse_signal,0.006967586261627255,1,46.05325664127739,0.0045972746796912115,0.0014192706391142709
TRX/USDT:USDT,trx_trend,long,1774112400000,1774116000000,0.30903,0.31148,37.64969334360774,0.08520547280223699,reverse_signal,0.007036275889600162,1,42.401478420930225,0.004441950348605676,0.001372695916229612
TRX/USDT:USDT,trx_trend,long,1774123200000,1774126800000,0.31032,0.31039,37.49629946429518,-0.0043583448719323415,reverse_signal,0.006983085834433547,1,42.42417552031354,0.004549137615441435,0.001411688384823786
TRX/USDT:USDT,trx_trend,long,1774134000000,1774137600000,0.31195,0.31005110714445994,186.50018435557308,-0.3888386208149582,sl,0.03469475318525479,1,42.138997241655005,0.004316026973021038,0.0013463846142339128
DOT/USDT:USDT,dot_trend,short,1774126800000,1774141200000,1.499,1.4652025129179902,7.762357339614892,0.25552411662347646,tp,0.0068240552881026866,4,24.982718225778534,0.007124455311750255,0.010679558512313633
BTC/USDT:USDT,btc_trend_loose,short,1774101600000,1774148400000,70714.3,69472.79442366402,0.0008227043708696644,0.9870987211333498,sl,0.034293342977326814,13,11.48631773495521,0.004169739613809254,294.86021797279176
BNB/USDT:USDT,bnb_trend,short,1774141200000,1774148400000,628.95,633.3669686369371,0.09248791967315459,-0.44366351648323504,sl,0.03514727599135348,2,20.03180430136803,0.004887177592030455,3.073790346507555
XRP/USDT:USDT,xrp_trend,short,1774144800000,1774148400000,1.4123,1.424280406437264,7.060774027193492,-0.09062485586818268,sl,0.006033913260727694,1,19.334678158795555,0.006011628044766033,0.008490222287623068
TRX/USDT:USDT,trx_trend,long,1774144800000,1774148400000,0.31075,0.3086253871706919,32.08981887286582,-0.0741206805317908,sl,0.005942239664325353,1,38.44730830366229,0.004299701649906433,0.001336132287708424
XRP/USDT:USDT,xrp_trend,short,1774155600000,1774173600000,1.4115,1.3924770707468421,7.067333923887779,0.12853673297836465,tp,0.005904660264195024,5,22.969808932779248,0.0062100566994739955,0.008765495031307545
BTC/USDT:USDT,btc_trend,short,1774155600000,1774184400000,69203.2,68594.27005771623,0.0008408781093603316,0.4774282065290174,sl,0.034607652071450654,8,22.265233117067336,0.005275142009035186,365.05670747966377
LINK/USDT:USDT,link_trend,short,1774166400000,1774202400000,8.889,8.75871060560253,1.3092708811900013,0.1637035953608743,tp,0.006880514851611261,10,23.615455308607146,0.00695897170601653,0.06185829949478094
BNB/USDT:USDT,bnb_trend,short,1774155600000,1774202400000,633.73,627.4633578232716,0.015741028173971834,0.09271724002390322,tp,0.005926151036178652,13,25.34425302314186,0.004952417554818052,3.1384955770148446
TRX/USDT:USDT,trx_trend,long,1774198800000,1774202400000,0.3169,0.31769,31.496997667493925,0.018878859443927174,reverse_signal,0.006003768713391686,1,32.537978475566184,0.0051436164661840785,0.0016300120581337345
BTC/USDT:USDT,btc_trend,short,1774191600000,1774213200000,68675.5,67759.40010041685,0.0001695674297108705,0.14844683294243388,tp,0.006893872388266911,6,31.40447323870674,0.005119986035705222,351.617600995074
TRX/USDT:USDT,trx_trend,long,1774209600000,1774213200000,0.31775,0.3154755877345758,31.421216881194432,-0.07741237718690033,sl,0.005947576117758232,1,39.115332779008554,0.004785534784391674,0.0015206036777404544
AAVE/USDT:USDT,aave_trend,short,1774195200000,1774213200000,107.32,105.07523028069394,0.5425410383499587,1.18367511964404,tp,0.03420457472480923,5,35.721727742327694,0.00800551451196119,0.859151817423675
DOT/USDT:USDT,dot_trend,short,1774198800000,1774213200000,1.432,1.3995324933240134,6.970236451139458,0.2204531550708623,tp,0.005853043439712677,4,40.363751861289174,0.00847355475559294,0.012134130410009089
AVAX/USDT:USDT,avax_trend,short,1774180800000,1774213200000,9.056,8.879899536065569,1.1016766755295928,0.1881361067465445,tp,0.0058696669199576924,9,35.13370133365203,0.007718650321561304,0.06990009731205916
BTC/USDT:USDT,btc_trend,short,1774220400000,1774231200000,68301.5,68254.35423881047,0.0008541165858890192,0.005289670977633908,sl,0.034978305608707495,3,32.28130361640027,0.006206469714256488,423.91119118828954
AVAX/USDT:USDT,avax_trend,short,1774220400000,1774234800000,9.041,9.161500756310488,1.106137375212962,-0.1393707173362179,sl,0.006080327039758109,4,46.257171857451986,0.008693124832530449,0.0785945416109078
BTC/USDT:USDT,btc_trend,short,1774238400000,1774242000000,68045.1,68775.0256778429,0.0008572083121295717,-0.6610710724905263,sl,0.03537271420678299,1,34.38357482443306,0.007129705332161583,485.1415122974682
