ts,symbol,strategy_id,event,side,entry_px,qty,target_weight,notional_frac,exit_reason,exit_px,pnl,bars_held
2025-12-25 10:00:00+00:00,BNB/USDT:USDT,bnb_trend,entry,short,841.23,0.08321148794027793,-0.07,0.07,,,,
2025-12-25 14:00:00+00:00,DOT/USDT:USDT,dot_trend,entry,short,1.72,6.782850775193797,-0.011666666666666665,0.011666666666666665,,,,
2025-12-25 15:00:00+00:00,BNB/USDT:USDT,bnb_trend,exit,short,841.23,0.08321148794027793,,,sl,840.9457999695748,-0.018337103371198583,5.0
2025-12-25 15:00:00+00:00,DOT/USDT:USDT,dot_trend,exit,short,1.72,6.782850775193797,,,sl,1.718707856746966,0.0017697715144220699,1.0
2025-12-25 15:00:00+00:00,TRX/USDT:USDT,trx_trend,entry,short,0.2785,35.90546137764727,-0.006017653417766613,0.01,,,,
2025-12-25 16:00:00+00:00,TRX/USDT:USDT,trx_trend,exit,short,0.2785,35.90546137764727,,,tp,0.2766076190264863,0.06198777744726108,1.0
2025-12-25 17:00:00+00:00,BNB/USDT:USDT,bnb_trend,entry,short,841.0,0.06936374960835391,-0.05833333333333334,0.05833333333333334,,,,
2025-12-25 17:00:00+00:00,DOT/USDT:USDT,dot_trend,entry,short,1.733,5.770429430052169,-0.005657269787427761,0.01,,,,
2025-12-25 18:00:00+00:00,TRX/USDT:USDT,trx_trend,entry,short,0.27784,35.992420824834454,-0.005978317956646916,0.01,,,,
2025-12-25 21:00:00+00:00,TRX/USDT:USDT,trx_trend,exit,short,0.27784,35.992420824834454,,,sl,0.27890425844213707,-0.044328301379593524,3.0
2025-12-25 23:00:00+00:00,BNB/USDT:USDT,bnb_trend,exit,short,841.0,0.06936374960835391,,,tp,833.1837345707755,0.5074898293396469,6.0
2025-12-25 23:00:00+00:00,DOT/USDT:USDT,dot_trend,exit,short,1.733,5.770429430052169,,,tp,1.6992184006413662,0.18905120321300423,6.0
2025-12-25 23:00:00+00:00,TRX/USDT:USDT,trx_trend,entry,short,0.27886,35.88408638390351,-0.006415341761958412,0.01,,,,
2025-12-26 01:00:00+00:00,BNB/USDT:USDT,bnb_trend,entry,short,830.28,0.07030390772811454,-0.05833333333333334,0.05833333333333334,,,,
2025-12-26 02:00:00+00:00,BNB/USDT:USDT,bnb_trend,exit,short,830.28,0.07030390772811454,,,sl,836.0615049079825,-0.44172942211808924,1.0
2025-12-26 02:00:00+00:00,TRX/USDT:USDT,trx_trend,exit,short,0.27886,35.88408638390351,,,sl,0.2799441144496274,-0.044929779831813677,3.0
2025-12-26 04:00:00+00:00,BNB/USDT:USDT,bnb_trend,entry,short,840.99,0.06937402234178677,-0.05833333333333334,0.05833333333333334,,,,
2025-12-26 04:00:00+00:00,TRX/USDT:USDT,trx_trend,entry,short,0.27973,41.71320800953087,-0.011666666666666665,0.011666666666666665,,,,
2025-12-26 07:00:00+00:00,BNB/USDT:USDT,bnb_trend,exit,short,840.99,0.06937402234178677,,,sl,847.4621551972384,-0.48427455434581185,3.0
2025-12-26 09:00:00+00:00,BNB/USDT:USDT,bnb_trend,entry,short,842.13,0.08309471397780954,-0.07,0.07,,,,
2025-12-26 14:00:00+00:00,BNB/USDT:USDT,bnb_trend,exit,short,842.13,0.08309471397780954,,,tp,832.9634906503735,0.7201595547764003,5.0
2025-12-26 14:00:00+00:00,TRX/USDT:USDT,trx_trend,exit,short,0.27973,41.71320800953087,,,tp,0.2779509694231067,0.0672525365468666,10.0
2025-12-26 23:00:00+00:00,BNB/USDT:USDT,bnb_trend,entry,short,835.63,0.08380585983845078,-0.07,0.07,,,,
2025-12-27 07:00:00+00:00,BNB/USDT:USDT,bnb_trend,exit,short,835.63,0.08380585983845078,,,sl,840.751561230135,-0.47149278710638903,8.0
2025-12-28 00:00:00+00:00,TRX/USDT:USDT,trx_trend,entry,long,0.28481,245.7663204664091,0.07,0.07,,,,
2025-12-28 01:00:00+00:00,TRX/USDT:USDT,trx_trend,exit,long,0.28481,245.7663204664091,,,reverse_signal,0.28492,-0.01497994876506881,1.0
2025-12-28 03:00:00+00:00,TRX/USDT:USDT,trx_trend,entry,long,0.28398,246.47748849124653,0.07,0.07,,,,
2025-12-28 04:00:00+00:00,TRX/USDT:USDT,trx_trend,exit,long,0.28398,246.47748849124653,,,reverse_signal,0.28369,-0.11343239088851362,1.0
2025-12-28 06:00:00+00:00,TRX/USDT:USDT,trx_trend,entry,long,0.28369,246.6980048253426,0.07,0.07,,,,
2025-12-28 07:00:00+00:00,TRX/USDT:USDT,trx_trend,exit,long,0.28369,246.6980048253426,,,reverse_signal,0.28373,-0.03212945475244679,1.0
2025-12-28 14:00:00+00:00,TRX/USDT:USDT,trx_trend,entry,long,0.28371,246.66923311293547,0.07,0.07,,,,
2025-12-28 15:00:00+00:00,TRX/USDT:USDT,trx_trend,exit,long,0.28371,246.66923311293547,,,reverse_signal,0.28412,0.05908418806906681,1.0
2025-12-28 17:00:00+00:00,TRX/USDT:USDT,trx_trend,entry,long,0.28386,246.55000445375182,0.07,0.07,,,,
2025-12-28 18:00:00+00:00,TRX/USDT:USDT,trx_trend,exit,long,0.28386,246.55000445375182,,,reverse_signal,0.28421,0.04424931549933683,1.0
2025-12-28 20:00:00+00:00,TRX/USDT:USDT,trx_trend,entry,long,0.28467,245.85591005988425,0.07,0.07,,,,
2025-12-28 21:00:00+00:00,TRX/USDT:USDT,trx_trend,exit,long,0.28467,245.85591005988425,,,reverse_signal,0.28466,-0.04444976511517564,1.0
2025-12-28 23:00:00+00:00,TRX/USDT:USDT,trx_trend,entry,long,0.28537,245.23849950577267,0.07,0.07,,,,
2025-12-29 00:00:00+00:00,TRX/USDT:USDT,trx_trend,exit,long,0.28537,245.23849950577267,,,sl,0.28436505520479033,-0.2882935093335382,1.0
2025-12-29 02:00:00+00:00,TRX/USDT:USDT,trx_trend,entry,long,0.28542,245.12140104533862,0.07,0.07,,,,
2025-12-29 03:00:00+00:00,TRX/USDT:USDT,trx_trend,exit,long,0.28542,245.12140104533862,,,reverse_signal,0.28576,0.041313741417787264,1.0
2025-12-29 05:00:00+00:00,TRX/USDT:USDT,trx_trend,entry,long,0.28512,245.38602263101774,0.07,0.07,,,,
2025-12-29 06:00:00+00:00,TRX/USDT:USDT,trx_trend,exit,long,0.28512,245.38602263101774,,,target_flatten,0.28426,-0.2528840379385242,1.0
2025-12-30 02:00:00+00:00,BTC/USDT:USDT,btc_trend,entry,short,87283.0,0.0008013677507352093,-0.07,0.07,,,,
2025-12-30 08:00:00+00:00,BTC/USDT:USDT,btc_trend,exit,short,87283.0,0.0008013677507352093,,,sl,87881.03774564664,-0.5215031808139041,6.0
2025-12-30 10:00:00+00:00,BTC/USDT:USDT,btc_trend,entry,short,87954.7,0.0007948216175352185,-0.07,0.07,,,,
2025-12-30 14:00:00+00:00,BTC/USDT:USDT,btc_trend,exit,short,87954.7,0.0007948216175352185,,,sl,88517.37535224971,-0.4894398476967869,4.0
2026-01-01 02:00:00+00:00,AVAX/USDT:USDT,avax_trend,entry,short,12.322,5.67059384988875,-0.07,0.07,,,,
2026-01-01 03:00:00+00:00,AAVE/USDT:USDT,aave_trend,entry,short,145.82,0.3993055319087763,-0.05833333333333334,0.05833333333333334,,,,
2026-01-01 07:00:00+00:00,XRP/USDT:USDT,xrp_trend,entry,short,1.8444,6.31382057591159,-0.011666666666666665,0.011666666666666665,,,,
2026-01-01 13:00:00+00:00,XRP/USDT:USDT,xrp_trend,exit,short,1.8444,6.31382057591159,,,sl,1.8573452824070094,-0.08877035733874196,6.0
2026-01-01 13:00:00+00:00,AVAX/USDT:USDT,avax_trend,exit,short,12.322,5.67059384988875,,,sl,12.412573192567866,-0.5558357854643752,11.0
2026-01-01 15:00:00+00:00,AVAX/USDT:USDT,avax_trend,entry,short,12.421,0.9369344733156539,-0.011666666666666665,0.011666666666666665,,,,
2026-01-01 16:00:00+00:00,AVAX/USDT:USDT,avax_trend,exit,short,12.421,0.9369344733156539,,,sl,12.52196220993863,-0.10163432983446406,1.0
2026-01-01 17:00:00+00:00,AAVE/USDT:USDT,aave_trend,exit,short,145.82,0.3993055319087763,,,sl,147.4166318375581,-0.6728624911114847,14.0
2026-01-02 06:00:00+00:00,AAVE/USDT:USDT,aave_trend,entry,short,150.26,0.46433915116180563,-0.07,0.07,,,,
2026-01-02 09:00:00+00:00,AAVE/USDT:USDT,aave_trend,exit,short,150.26,0.46433915116180563,,,sl,152.12304134615243,-0.9074650475862678,3.0
2026-01-03 00:00:00+00:00,TRX/USDT:USDT,trx_trend,entry,long,0.28889,241.29288482754657,0.07,0.07,,,,
2026-01-03 01:00:00+00:00,TRX/USDT:USDT,trx_trend,exit,long,0.28889,241.29288482754657,,,reverse_signal,0.28888,-0.04423574198965348,1.0
2026-01-03 03:00:00+00:00,TRX/USDT:USDT,trx_trend,entry,long,0.28907,241.12854705251212,0.07,0.07,,,,
2026-01-03 04:00:00+00:00,TRX/USDT:USDT,trx_trend,exit,long,0.28907,241.12854705251212,,,sl,0.287880839796598,-0.3283902452336367,1.0
2026-01-03 06:00:00+00:00,TRX/USDT:USDT,trx_trend,entry,long,0.28844,241.57213263380942,0.07,0.07,,,,
2026-01-03 07:00:00+00:00,TRX/USDT:USDT,trx_trend,exit,long,0.28844,241.57213263380942,,,reverse_signal,0.28886,0.05959197996664625,1.0
2026-01-03 09:00:00+00:00,TRX/USDT:USDT,trx_trend,entry,long,0.28843,241.59158849138618,0.07,0.07,,,,
2026-01-03 10:00:00+00:00,TRX/USDT:USDT,trx_trend,exit,long,0.28843,241.59158849138618,,,reverse_signal,0.28799,-0.14804587587798954,1.0
2026-01-03 12:00:00+00:00,TRX/USDT:USDT,trx_trend,entry,long,0.28852,241.4769274420938,0.07,0.07,,,,
2026-01-03 13:00:00+00:00,TRX/USDT:USDT,trx_trend,exit,long,0.28852,241.4769274420938,,,tp,0.29050809730182986,0.43798902626169495,1.0
2026-01-03 15:00:00+00:00,TRX/USDT:USDT,trx_trend,entry,long,0.29121,239.34826051477538,0.07,0.07,,,,
2026-01-03 16:00:00+00:00,TRX/USDT:USDT,trx_trend,exit,long,0.29121,239.34826051477538,,,reverse_signal,0.29135,-0.008331712948525673,1.0
2026-01-03 18:00:00+00:00,TRX/USDT:USDT,trx_trend,entry,long,0.29279,238.05132660304014,0.07,0.07,,,,
2026-01-03 19:00:00+00:00,TRX/USDT:USDT,trx_trend,exit,long,0.29279,238.05132660304014,,,reverse_signal,0.29329,0.0771348191538768,1.0
2026-01-03 21:00:00+00:00,TRX/USDT:USDT,trx_trend,entry,long,0.29397,237.11083296518035,0.07,0.07,,,,
2026-01-03 22:00:00+00:00,TRX/USDT:USDT,trx_trend,exit,long,0.29397,237.11083296518035,,,reverse_signal,0.29443,0.0671834576340239,1.0
2026-01-04 00:00:00+00:00,TRX/USDT:USDT,trx_trend,entry,long,0.29566,235.76810715080333,0.07,0.07,,,,
2026-01-04 01:00:00+00:00,TRX/USDT:USDT,trx_trend,exit,long,0.29566,235.76810715080333,,,reverse_signal,0.29532,-0.12193737887352683,1.0
2026-01-04 03:00:00+00:00,TRX/USDT:USDT,trx_trend,entry,long,0.29539,235.95141014558894,0.07,0.07,,,,
2026-01-04 04:00:00+00:00,TRX/USDT:USDT,trx_trend,exit,long,0.29539,235.95141014558894,,,reverse_signal,0.2949,-0.15736543348249682,1.0
2026-01-04 06:00:00+00:00,TRX/USDT:USDT,trx_trend,entry,long,0.29398,237.04230115974946,0.07,0.07,,,,
2026-01-04 07:00:00+00:00,TRX/USDT:USDT,trx_trend,exit,long,0.29398,237.04230115974946,,,reverse_signal,0.29384,-0.07497742802604027,1.0
2026-01-04 09:00:00+00:00,TRX/USDT:USDT,trx_trend,entry,long,0.2939,237.08564707465663,0.07,0.07,,,,
2026-01-04 10:00:00+00:00,TRX/USDT:USDT,trx_trend,exit,long,0.2939,237.08564707465663,,,reverse_signal,0.29364,-0.10341296588360788,1.0
2026-01-04 12:00:00+00:00,TRX/USDT:USDT,trx_trend,entry,long,0.29366,237.2514379044687,0.07,0.07,,,,
2026-01-04 13:00:00+00:00,TRX/USDT:USDT,trx_trend,exit,long,0.29366,237.2514379044687,,,reverse_signal,0.2941,0.06252524394534273,1.0
2026-01-04 15:00:00+00:00,TRX/USDT:USDT,trx_trend,entry,long,0.29454,236.5541475673962,0.07,0.07,,,,
2026-01-04 16:00:00+00:00,TRX/USDT:USDT,trx_trend,exit,long,0.29454,236.5541475673962,,,reverse_signal,0.29449,-0.05362540592865514,1.0
2026-01-04 18:00:00+00:00,TRX/USDT:USDT,trx_trend,entry,long,0.29467,236.43373740409655,0.07,0.07,,,,
2026-01-04 19:00:00+00:00,TRX/USDT:USDT,trx_trend,exit,long,0.29467,236.43373740409655,,,reverse_signal,0.2945,-0.0819715767580011,1.0
2026-01-07 11:00:00+00:00,TRX/USDT:USDT,trx_trend,entry,long,0.29479,236.31471899141923,0.07,0.07,,,,
2026-01-07 12:00:00+00:00,TRX/USDT:USDT,trx_trend,exit,long,0.29479,236.31471899141923,,,reverse_signal,0.29502,0.012521844329919207,1.0
2026-01-07 14:00:00+00:00,TRX/USDT:USDT,trx_trend,entry,long,0.29679,234.7219153460676,0.07,0.07,,,,
2026-01-07 15:00:00+00:00,TRX/USDT:USDT,trx_trend,exit,long,0.29679,234.7219153460676,,,reverse_signal,0.29661,-0.0840224651487736,1.0
2026-01-07 17:00:00+00:00,TRX/USDT:USDT,trx_trend,entry,long,0.29775,233.94210041765712,0.07,0.07,,,,
2026-01-07 18:00:00+00:00,TRX/USDT:USDT,trx_trend,exit,long,0.29775,233.94210041765712,,,reverse_signal,0.298,0.01665667754973075,1.0
2026-01-07 20:00:00+00:00,TRX/USDT:USDT,trx_trend,entry,long,0.29737,234.24168940760768,0.07,0.07,,,,
2026-01-07 21:00:00+00:00,TRX/USDT:USDT,trx_trend,exit,long,0.29737,234.24168940760768,,,reverse_signal,0.29798,0.1010078273728332,1.0
2026-01-07 23:00:00+00:00,TRX/USDT:USDT,trx_trend,entry,long,0.29799,233.7747794783043,0.07,0.07,,,,
2026-01-08 00:00:00+00:00,TRX/USDT:USDT,trx_trend,exit,long,0.29799,233.7747794783043,,,reverse_signal,0.29808,-0.02077042160708031,1.0
2026-01-08 02:00:00+00:00,TRX/USDT:USDT,trx_trend,entry,long,0.29847,233.39068359156997,0.07,0.07,,,,
2026-01-08 03:00:00+00:00,TRX/USDT:USDT,trx_trend,exit,long,0.29847,233.39068359156997,,,reverse_signal,0.29782,-0.1934089923668745,1.0
2026-01-08 05:00:00+00:00,TRX/USDT:USDT,trx_trend,entry,long,0.29825,233.5141775707211,0.07,0.07,,,,
2026-01-08 06:00:00+00:00,TRX/USDT:USDT,trx_trend,exit,long,0.29825,233.5141775707211,,,sl,0.296697767991304,-0.4040380620773367,1.0
2026-01-08 12:00:00+00:00,BTC/USDT:USDT,btc_trend,entry,short,90192.3,0.0007718657330800267,-0.07,0.07,,,,
2026-01-08 17:00:00+00:00,BTC/USDT:USDT,btc_trend,exit,short,90192.3,0.0007718657330800267,,,sl,91116.68305307873,-0.7556975101277132,5.0
2026-01-08 19:00:00+00:00,BTC/USDT:USDT,btc_trend,entry,short,91070.3,0.0006365272423531067,-0.05833333333333334,0.05833333333333334,,,,
2026-01-08 19:00:00+00:00,TRX/USDT:USDT,trx_trend,entry,long,0.29457,39.35774221234754,0.011666666666666665,0.011666666666666665,,,,
2026-01-08 20:00:00+00:00,TRX/USDT:USDT,trx_trend,exit,long,0.29457,39.35774221234754,,,reverse_signal,0.29461,-0.005382800971414532,1.0
2026-01-09 01:00:00+00:00,TRX/USDT:USDT,trx_trend,entry,long,0.29513,235.6965460452599,0.07,0.07,,,,
2026-01-09 02:00:00+00:00,TRX/USDT:USDT,trx_trend,exit,long,0.29513,235.6965460452599,,,reverse_signal,0.29439,-0.21604746778765513,1.0
2026-01-09 04:00:00+00:00,BTC/USDT:USDT,btc_trend,exit,short,91070.3,0.0006365272423531067,,,trend_break,91190.1,-0.11108295336364646,9.0
2026-01-09 04:00:00+00:00,TRX/USDT:USDT,trx_trend,entry,long,0.29378,236.6983751417867,0.07,0.07,,,,
2026-01-09 05:00:00+00:00,TRX/USDT:USDT,trx_trend,exit,long,0.29378,236.6983751417867,,,reverse_signal,0.29337,-0.13871045519733205,1.0
2026-01-09 07:00:00+00:00,TRX/USDT:USDT,trx_trend,entry,long,0.29407,236.42862378280404,0.07,0.07,,,,
2026-01-09 08:00:00+00:00,TRX/USDT:USDT,trx_trend,exit,long,0.29407,236.42862378280404,,,sl,0.29284852663060895,-0.3303339321893277,1.0
2026-01-09 10:00:00+00:00,BTC/USDT:USDT,btc_trend,entry,short,90299.0,0.0006414104682650638,-0.05833333333333334,0.05833333333333334,,,,
2026-01-09 10:00:00+00:00,TRX/USDT:USDT,trx_trend,entry,long,0.29237,39.619692961262636,0.011666666666666665,0.011666666666666665,,,,
2026-01-09 11:00:00+00:00,TRX/USDT:USDT,trx_trend,exit,long,0.29237,39.619692961262636,,,reverse_signal,0.29275,0.008096284256633682,1.0
2026-01-09 13:00:00+00:00,TRX/USDT:USDT,trx_trend,entry,long,0.29368,39.44319347354789,0.011666666666666665,0.011666666666666665,,,,
2026-01-09 14:00:00+00:00,TRX/USDT:USDT,trx_trend,exit,long,0.29368,39.44319347354789,,,reverse_signal,0.29493,0.042324203211243916,1.0
2026-01-09 15:00:00+00:00,BTC/USDT:USDT,btc_trend,exit,short,90299.0,0.0006414104682650638,,,sl,91057.49442692474,-0.521549403633886,5.0
2026-01-09 16:00:00+00:00,TRX/USDT:USDT,trx_trend,entry,long,0.29645,234.33413533601237,0.07,0.07,,,,
2026-01-09 17:00:00+00:00,TRX/USDT:USDT,trx_trend,exit,long,0.29645,234.33413533601237,,,reverse_signal,0.29739,0.17846091011130477,1.0
2026-01-09 19:00:00+00:00,TRX/USDT:USDT,trx_trend,entry,long,0.29775,233.3497031976718,0.07,0.07,,,,
2026-01-09 20:00:00+00:00,TRX/USDT:USDT,trx_trend,exit,long,0.29775,233.3497031976718,,,reverse_signal,0.29816,0.0539280498077868,1.0
2026-01-09 22:00:00+00:00,TRX/USDT:USDT,trx_trend,entry,long,0.2983,232.92885139911343,0.07,0.07,,,,
2026-01-09 23:00:00+00:00,TRX/USDT:USDT,trx_trend,exit,long,0.2983,232.92885139911343,,,reverse_signal,0.29743,-0.24421611768020746,1.0
2026-01-10 01:00:00+00:00,TRX/USDT:USDT,trx_trend,entry,long,0.29809,233.03233414958137,0.07,0.07,,,,
2026-01-10 02:00:00+00:00,TRX/USDT:USDT,trx_trend,exit,long,0.29809,233.03233414958137,,,reverse_signal,0.29864,0.08641211802000998,1.0
2026-01-10 04:00:00+00:00,TRX/USDT:USDT,trx_trend,entry,long,0.29803,233.09628168436498,0.07,0.07,,,,
2026-01-10 05:00:00+00:00,TRX/USDT:USDT,trx_trend,exit,long,0.29803,233.09628168436498,,,target_flatten,0.2976,-0.1418530731818468,1.0
2026-01-10 23:00:00+00:00,BTC/USDT:USDT,btc_trend_loose,entry,short,90384.9,0.0007684777273602221,-0.07,0.07,,,,
2026-01-11 00:00:00+00:00,TRX/USDT:USDT,trx_trend,entry,long,0.30228,38.296617990343044,0.011666666666666665,0.011666666666666665,,,,
2026-01-11 01:00:00+00:00,TRX/USDT:USDT,trx_trend,exit,long,0.30228,38.296617990343044,,,reverse_signal,0.30297,0.019463030601817078,1.0
2026-01-11 02:00:00+00:00,BTC/USDT:USDT,btc_trend_loose,exit,short,90384.9,0.0007684777273602221,,,sl,90693.09861992401,-0.2786611508035852,3.0
2026-01-11 16:00:00+00:00,ETH/USDT:USDT,eth_trend,entry,short,3116.89,0.02227845839284917,-0.07,0.07,,,,
2026-01-12 00:00:00+00:00,ETH/USDT:USDT,eth_trend,exit,short,3116.89,0.02227845839284917,,,trend_break,3122.0,-0.15557493064894717,8.0
2026-01-13 00:00:00+00:00,LINK/USDT:USDT,link_trend,entry,short,13.068,5.312797810061502,-0.07,0.07,,,,
2026-01-13 05:00:00+00:00,LINK/USDT:USDT,link_trend,exit,short,13.068,5.312797810061502,,,sl,13.229689403826741,-0.9011951094963304,5.0
2026-01-13 20:00:00+00:00,TRX/USDT:USDT,trx_trend,entry,long,0.30438,227.88483519690521,0.07,0.07,,,,
2026-01-13 21:00:00+00:00,TRX/USDT:USDT,trx_trend,exit,long,0.30438,227.88483519690521,,,sl,0.30455529923476504,-0.001694083280096223,1.0
2026-01-13 23:00:00+00:00,TRX/USDT:USDT,trx_trend,entry,long,0.3053,227.19455113396162,0.07,0.07,,,,
2026-01-14 00:00:00+00:00,TRX/USDT:USDT,trx_trend,exit,long,0.3053,227.19455113396162,,,reverse_signal,0.30698,0.3398403359207841,1.0
2026-01-14 02:00:00+00:00,TRX/USDT:USDT,trx_trend,entry,long,0.30449,227.87386846780683,0.07,0.07,,,,
2026-01-14 03:00:00+00:00,TRX/USDT:USDT,trx_trend,exit,long,0.30449,227.87386846780683,,,reverse_signal,0.30442,-0.05757278861611899,1.0
2026-01-14 05:00:00+00:00,TRX/USDT:USDT,trx_trend,entry,long,0.30448,227.86492616973345,0.07,0.07,,,,
2026-01-14 06:00:00+00:00,TRX/USDT:USDT,trx_trend,exit,long,0.30448,227.86492616973345,,,sl,0.3024850624194571,-0.49593174635302095,1.0
2026-01-14 08:00:00+00:00,TRX/USDT:USDT,trx_trend,entry,long,0.30277,229.03400658433014,0.07,0.07,,,,
2026-01-14 09:00:00+00:00,TRX/USDT:USDT,trx_trend,exit,long,0.30277,229.03400658433014,,,reverse_signal,0.3016,-0.30941578153516763,1.0
2026-01-16 08:00:00+00:00,AVAX/USDT:USDT,avax_trend,entry,short,13.804,5.021877444513455,-0.07,0.07,,,,
2026-01-16 15:00:00+00:00,AVAX/USDT:USDT,avax_trend,exit,short,13.804,5.021877444513455,,,tp,13.546935140062923,1.25012959308172,7.0
2026-01-17 01:00:00+00:00,AVAX/USDT:USDT,avax_trend,entry,short,13.585,5.109203887201475,-0.07,0.07,,,,
2026-01-17 09:00:00+00:00,XRP/USDT:USDT,xrp_trend,entry,short,2.0615,33.66847590984464,-0.07,0.07,,,,
2026-01-17 13:00:00+00:00,AVAX/USDT:USDT,avax_trend,exit,short,13.585,5.109203887201475,,,sl,13.716403909464223,-0.7134173075316692,12.0
2026-01-17 14:00:00+00:00,XRP/USDT:USDT,xrp_trend,exit,short,2.0615,33.66847590984464,,,sl,2.0755111437823213,-0.5136614350714788,5.0
2026-01-17 19:00:00+00:00,AVAX/USDT:USDT,avax_trend,entry,short,13.828,5.013067390098298,-0.07,0.07,,,,
2026-01-18 02:00:00+00:00,TRX/USDT:USDT,trx_trend,entry,long,0.31798,218.00026850914233,0.07,0.07,,,,
2026-01-18 03:00:00+00:00,TRX/USDT:USDT,trx_trend,exit,long,0.31798,218.00026850914233,,,reverse_signal,0.31882,0.14141851818403034,1.0
2026-01-18 05:00:00+00:00,XRP/USDT:USDT,xrp_trend,entry,short,2.0545,28.120651496980063,-0.05833333333333334,0.05833333333333334,,,,
2026-01-18 05:00:00+00:00,TRX/USDT:USDT,trx_trend,entry,long,0.31942,36.17381783981155,0.011666666666666665,0.011666666666666665,,,,
2026-01-18 06:00:00+00:00,TRX/USDT:USDT,trx_trend,exit,long,0.31942,36.17381783981155,,,reverse_signal,0.32049,0.03174997696091019,1.0
2026-01-18 07:00:00+00:00,AVAX/USDT:USDT,avax_trend,exit,short,13.828,5.013067390098298,,,tp,13.612896570581716,1.037382566785448,12.0
2026-01-18 08:00:00+00:00,TRX/USDT:USDT,trx_trend,entry,long,0.31806,36.367626066069995,0.011666666666666665,0.011666666666666665,,,,
2026-01-18 09:00:00+00:00,TRX/USDT:USDT,trx_trend,exit,long,0.31806,36.367626066069995,,,sl,0.31555918751242823,-0.09783429652926771,1.0
2026-01-18 23:00:00+00:00,XRP/USDT:USDT,xrp_trend,exit,short,2.0545,28.120651496980063,,,tp,2.033876988628534,0.5456161480042835,18.0
2026-01-19 02:00:00+00:00,LINK/USDT:USDT,link_trend,entry,short,12.834,5.410137577515082,-0.07,0.07,,,,
2026-01-19 05:00:00+00:00,BTC/USDT:USDT,btc_trend,entry,short,92614.4,0.0006247474618593256,-0.05833333333333334,0.05833333333333334,,,,
2026-01-19 08:00:00+00:00,BTC/USDT:USDT,btc_trend,exit,short,92614.4,0.0006247474618593256,,,sl,93194.1984344101,-0.3971613036468671,3.0
2026-01-19 10:00:00+00:00,BTC/USDT:USDT,btc_trend,entry,short,93000.0,0.000621900737080065,-0.05833333333333334,0.05833333333333334,,,,
2026-01-19 11:00:00+00:00,ETH/USDT:USDT,eth_trend,entry,short,3213.99,0.0030848754771383665,-0.004892430711533598,0.01,,,,
2026-01-19 13:00:00+00:00,XRP/USDT:USDT,xrp_trend,entry,short,1.9718,5.02826813330463,-0.0032874716877931242,0.01,,,,
2026-01-19 16:00:00+00:00,XRP/USDT:USDT,xrp_trend,exit,short,1.9718,5.02826813330463,,,sl,1.9956790705151155,-0.12609125500883397,3.0
2026-01-19 18:00:00+00:00,TRX/USDT:USDT,trx_trend,entry,long,0.30811,32.17506203375992,0.004720315134104776,0.01,,,,
2026-01-19 19:00:00+00:00,TRX/USDT:USDT,trx_trend,exit,long,0.30811,32.17506203375992,,,reverse_signal,0.30908,0.025243009268711265,1.0
2026-01-19 20:00:00+00:00,LINK/USDT:USDT,link_trend,exit,short,12.834,5.410137577515082,,,sl,12.990210892289317,-0.8872897152445308,18.0
2026-01-19 21:00:00+00:00,TRX/USDT:USDT,trx_trend,entry,long,0.31043,31.90676825450274,0.003457654861494317,0.01,,,,
2026-01-19 21:00:00+00:00,AVAX/USDT:USDT,avax_trend,entry,short,12.787,0.7745990662085828,-0.0037200614270021816,0.01,,,,
2026-01-19 22:00:00+00:00,TRX/USDT:USDT,trx_trend,exit,long,0.31043,31.90676825450274,,,reverse_signal,0.31143,0.025944733352002897,1.0
2026-01-19 22:00:00+00:00,LINK/USDT:USDT,link_trend,entry,short,12.887,4.483540601731916,-0.05833333333333334,0.05833333333333334,,,,
2026-01-19 23:00:00+00:00,ETH/USDT:USDT,eth_trend,exit,short,3213.99,0.0030848754771383665,,,tp,3172.0900335713272,0.12338487727522923,12.0
2026-01-20 00:00:00+00:00,TRX/USDT:USDT,trx_trend,entry,long,0.31175,31.77596210855952,0.005377684184903145,0.01,,,,
2026-01-20 01:00:00+00:00,TRX/USDT:USDT,trx_trend,exit,long,0.31175,31.77596210855952,,,reverse_signal,0.30995,-0.06310610746873671,1.0
2026-01-20 01:00:00+00:00,ETH/USDT:USDT,eth_trend,entry,short,3182.55,0.0031124429510789677,-0.003610989884591103,0.01,,,,
2026-01-20 03:00:00+00:00,TRX/USDT:USDT,trx_trend,entry,long,0.31004,31.949056582846545,0.0026021368909966043,0.01,,,,
2026-01-20 04:00:00+00:00,BTC/USDT:USDT,btc_trend,exit,short,93000.0,0.000621900737080065,,,tp,92009.76445404589,0.5814956517122236,18.0
2026-01-20 04:00:00+00:00,TRX/USDT:USDT,trx_trend,exit,long,0.31004,31.949056582846545,,,reverse_signal,0.31024,0.000442686128012992,1.0
2026-01-20 06:00:00+00:00,LINK/USDT:USDT,link_trend,exit,short,12.887,4.483540601731916,,,tp,12.649426305041768,1.0311427773923465,8.0
2026-01-20 06:00:00+00:00,ETH/USDT:USDT,eth_trend,exit,short,3182.55,0.0031124429510789677,,,tp,3135.6397333178397,0.14014982899707193,5.0
2026-01-20 06:00:00+00:00,BTC/USDT:USDT,btc_trend,entry,short,91590.1,0.0006319913943566611,-0.05833333333333334,0.05833333333333334,,,,
2026-01-20 08:00:00+00:00,AVAX/USDT:USDT,avax_trend,exit,short,12.787,0.7745990662085828,,,tp,12.483285157692578,0.22945550862919847,11.0
2026-01-20 08:00:00+00:00,LINK/USDT:USDT,link_trend,entry,short,12.609,0.7871501933692845,-0.006537479699965806,0.01,,,,
2026-01-20 08:00:00+00:00,ETH/USDT:USDT,eth_trend,entry,short,3121.5,0.0031796113848597566,-0.00512918696670086,0.01,,,,
2026-01-20 09:00:00+00:00,BNB/USDT:USDT,bnb_trend,entry,short,914.82,0.010849278642274826,-0.0032443285963000687,0.01,,,,
2026-01-20 14:00:00+00:00,BTC/USDT:USDT,btc_trend,exit,short,91590.1,0.0006319913943566611,,,tp,90499.62499340944,0.6548538294132585,8.0
2026-01-20 14:00:00+00:00,LINK/USDT:USDT,link_trend,exit,short,12.609,0.7871501933692845,,,sl,12.582667379617373,0.01478505778952454,6.0
2026-01-20 14:00:00+00:00,BNB/USDT:USDT,bnb_trend,exit,short,914.82,0.010849278642274826,,,tp,903.0847291227367,0.12144053297170164,5.0
2026-01-20 14:00:00+00:00,ETH/USDT:USDT,eth_trend,exit,short,3121.5,0.0031796113848597566,,,tp,3066.723031276374,0.16831888090307306,6.0
2026-01-20 14:00:00+00:00,TRX/USDT:USDT,trx_trend,entry,short,0.30155,32.94548572463093,-0.0022324040630895057,0.01,,,,
2026-01-20 16:00:00+00:00,BTC/USDT:USDT,btc_trend,entry,short,90644.2,0.0006393389341318411,-0.05833333333333334,0.05833333333333334,,,,
2026-01-20 16:00:00+00:00,LINK/USDT:USDT,link_trend,entry,short,12.431,0.7991774954635661,-0.004245184411186782,0.01,,,,
2026-01-20 16:00:00+00:00,BNB/USDT:USDT,bnb_trend,entry,short,905.84,0.010967229948949811,-0.004006932528005933,0.01,,,,
2026-01-20 17:00:00+00:00,BNB/USDT:USDT,bnb_trend,exit,short,905.84,0.010967229948949811,,,tp,891.5909073916372,0.15040610569874222,1.0
2026-01-20 19:00:00+00:00,BNB/USDT:USDT,bnb_trend,entry,short,892.39,0.011134189949352336,-0.004073490824093367,0.01,,,,
2026-01-20 20:00:00+00:00,ETH/USDT:USDT,eth_trend,entry,short,2995.04,0.0033174915516397084,-0.0024720356608914375,0.01,,,,
2026-01-20 22:00:00+00:00,BTC/USDT:USDT,btc_trend,exit,short,90644.2,0.0006393389341318411,,,tp,89206.48576361511,0.8849667797610311,6.0
2026-01-20 22:00:00+00:00,LINK/USDT:USDT,link_trend,exit,short,12.431,0.7991774954635661,,,tp,12.13671778592731,0.22936408776810152,6.0
2026-01-20 22:00:00+00:00,ETH/USDT:USDT,eth_trend,exit,short,2995.04,0.0033174915516397084,,,tp,2929.272618897666,0.21235202888107715,2.0
2026-01-20 23:00:00+00:00,TRX/USDT:USDT,trx_trend,exit,short,0.30155,32.94548572463093,,,tp,0.2971731382791378,0.1383235273123963,9.0
2026-01-21 00:00:00+00:00,BNB/USDT:USDT,bnb_trend,exit,short,892.39,0.011134189949352336,,,tp,877.10542665833,0.16432182782534793,5.0
2026-01-21 00:00:00+00:00,BTC/USDT:USDT,btc_trend,entry,short,88390.6,0.0006568011111201375,-0.05833333333333334,0.05833333333333334,,,,
2026-01-21 00:00:00+00:00,LINK/USDT:USDT,link_trend,entry,short,12.12,0.8211367324430769,-0.003799089465093858,0.01,,,,
2026-01-21 01:00:00+00:00,LINK/USDT:USDT,link_trend,exit,short,12.12,0.8211367324430769,,,sl,12.31789386486828,-0.16856672663973893,1.0
2026-01-21 01:00:00+00:00,TRX/USDT:USDT,trx_trend,entry,short,0.29737,33.46158531657296,-0.0037409845846619167,0.01,,,,
2026-01-21 02:00:00+00:00,BNB/USDT:USDT,bnb_trend,entry,short,880.24,0.01130424852840822,-0.004052551823072708,0.01,,,,
2026-01-21 03:00:00+00:00,BTC/USDT:USDT,btc_trend,exit,short,88390.6,0.0006568011111201375,,,sl,89304.52586308982,-0.6354607094477793,3.0
2026-01-21 03:00:00+00:00,LINK/USDT:USDT,link_trend,entry,short,12.296,0.8087245621867375,-0.0039883185637330605,0.01,,,,
2026-01-21 05:00:00+00:00,BTC/USDT:USDT,btc_trend,entry,short,89400.4,0.0006488449837235613,-0.05833333333333334,0.05833333333333334,,,,
2026-01-21 06:00:00+00:00,ETH/USDT:USDT,eth_trend,entry,short,2991.71,0.0033238319604813045,-0.002537788245096578,0.01,,,,
2026-01-21 12:00:00+00:00,BNB/USDT:USDT,bnb_trend,exit,short,880.24,0.01130424852840822,,,tp,865.6661008200726,0.15887555551009075,10.0
2026-01-21 12:00:00+00:00,ETH/USDT:USDT,eth_trend,exit,short,2991.71,0.0033238319604813045,,,tp,2927.8900092168333,0.20628783644906665,6.0
2026-01-21 14:00:00+00:00,BTC/USDT:USDT,btc_trend,exit,short,89400.4,0.0006488449837235613,,,sl,89314.70006486273,0.020835135953332688,9.0
2026-01-21 14:00:00+00:00,LINK/USDT:USDT,link_trend,exit,short,12.296,0.8087245621867375,,,sl,12.273281991003552,0.01241718911654504,11.0
2026-01-21 14:00:00+00:00,TRX/USDT:USDT,trx_trend,exit,short,0.29737,33.46158531657296,,,sl,0.2966108605948134,0.019446966203255457,13.0
2026-01-21 14:00:00+00:00,BNB/USDT:USDT,bnb_trend,entry,short,874.09,0.011381093541215683,-0.006136414751886632,0.01,,,,
2026-01-21 15:00:00+00:00,BNB/USDT:USDT,bnb_trend,exit,short,874.09,0.011381093541215683,,,sl,883.7598780289496,-0.11608867868351422,1.0
2026-01-21 16:00:00+00:00,BTC/USDT:USDT,btc_trend,entry,short,90237.1,0.0006430137465002378,-0.05833333333333334,0.05833333333333334,,,,
2026-01-21 16:00:00+00:00,TRX/USDT:USDT,trx_trend,entry,short,0.299,38.811383813511426,-0.011666666666666665,0.011666666666666665,,,,
2026-01-21 18:00:00+00:00,BTC/USDT:USDT,btc_trend,exit,short,90237.1,0.0006430137465002378,,,tp,88132.28481334566,1.3194229364739367,2.0
2026-01-21 20:00:00+00:00,BTC/USDT:USDT,btc_trend,entry,short,90321.9,0.0006432531839134995,-0.05833333333333334,0.05833333333333334,,,,
2026-01-22 05:00:00+00:00,TRX/USDT:USDT,trx_trend,exit,short,0.299,38.811383813511426,,,sl,0.3007539616727754,-0.07507728614022495,13.0
2026-01-22 15:00:00+00:00,BTC/USDT:USDT,btc_trend,exit,short,90321.9,0.0006432531839134995,,,tp,88879.11897499698,0.8937704222647164,19.0
2026-01-22 22:00:00+00:00,TRX/USDT:USDT,trx_trend,entry,short,0.30692,227.34365575450357,-0.07,0.07,,,,
2026-01-23 00:00:00+00:00,TRX/USDT:USDT,trx_trend,exit,short,0.30692,227.34365575450357,,,sl,0.30677845798484954,-0.009667802519832118,2.0
2026-01-23 09:00:00+00:00,BTC/USDT:USDT,btc_trend_loose,entry,short,89185.1,0.0007823578289376623,-0.07,0.07,,,,
2026-01-23 10:00:00+00:00,TRX/USDT:USDT,trx_trend,entry,long,0.30847,37.6987953254943,0.011666666666666665,0.011666666666666665,,,,
2026-01-23 11:00:00+00:00,TRX/USDT:USDT,trx_trend,exit,long,0.30847,37.6987953254943,,,sl,0.30612576511904527,-0.0952991745098477,1.0
2026-01-23 16:00:00+00:00,BTC/USDT:USDT,btc_trend_loose,exit,short,89185.1,0.0007823578289376623,,,sl,89977.02164369082,-0.6618026342311538,7.0
2026-01-23 17:00:00+00:00,TRX/USDT:USDT,trx_trend,entry,short,0.29966,38.77757260031145,-0.011666666666666665,0.011666666666666665,,,,
2026-01-23 18:00:00+00:00,BTC/USDT:USDT,btc_trend,entry,short,90576.0,0.0006414536020508773,-0.05833333333333334,0.05833333333333334,,,,
2026-01-24 09:00:00+00:00,BTC/USDT:USDT,btc_trend,exit,short,90576.0,0.0006414536020508773,,,tp,89593.20156362145,0.5959376679876383,15.0
2026-01-24 10:00:00+00:00,TRX/USDT:USDT,trx_trend,exit,short,0.29966,38.77757260031145,,,tp,0.2965225113111697,0.11476514148777531,17.0
2026-01-24 11:00:00+00:00,BTC/USDT:USDT,btc_trend_loose,entry,short,89590.1,0.0006489677016366313,-0.05833333333333334,0.05833333333333334,,,,
2026-01-24 12:00:00+00:00,TRX/USDT:USDT,trx_trend,entry,short,0.29495,39.42390437279603,-0.011666666666666665,0.011666666666666665,,,,
2026-01-24 18:00:00+00:00,TRX/USDT:USDT,trx_trend,exit,short,0.29495,39.42390437279603,,,sl,0.296655370628533,-0.07424955635746094,6.0
2026-01-24 20:00:00+00:00,TRX/USDT:USDT,trx_trend,entry,short,0.29624,33.642183609073626,-0.005122186946509162,0.01,,,,
2026-01-24 20:00:00+00:00,AVAX/USDT:USDT,avax_trend,entry,short,12.028,0.8285783621575511,-0.006544479720157505,0.01,,,,
2026-01-25 03:00:00+00:00,BTC/USDT:USDT,btc_trend_loose,exit,short,89590.1,0.0006489677016366313,,,tp,89011.44824875644,0.3408669640589437,16.0
2026-01-25 03:00:00+00:00,AVAX/USDT:USDT,avax_trend,exit,short,12.028,0.8285783621575511,,,tp,11.868921795927662,0.12590815871587555,7.0
2026-01-25 05:00:00+00:00,BTC/USDT:USDT,btc_trend,entry,short,88977.4,0.0001307364164249271,-0.011666666666666665,0.011666666666666665,,,,
2026-01-25 05:00:00+00:00,BNB/USDT:USDT,bnb_trend,entry,short,882.77,0.06588669345415944,-0.05833333333333334,0.05833333333333334,,,,
2026-01-25 08:00:00+00:00,BTC/USDT:USDT,btc_trend,exit,short,88977.4,0.0001307364164249271,,,tp,88378.03523622136,0.0714262647773159,3.0
2026-01-25 08:00:00+00:00,TRX/USDT:USDT,trx_trend,exit,short,0.29624,33.642183609073626,,,sl,0.2961484360047005,-0.0028974352939190595,12.0
2026-01-25 08:00:00+00:00,LINK/USDT:USDT,link_trend,entry,short,12.084,0.8251683264239431,-0.0034881422605181817,0.01,,,,
2026-01-25 08:00:00+00:00,XRP/USDT:USDT,xrp_trend,entry,short,1.8939,5.264963363344853,-0.0027174550227425406,0.01,,,,
2026-01-25 08:00:00+00:00,ETH/USDT:USDT,eth_trend,entry,short,2938.43,0.0033934087833334767,-0.002839376118096877,0.01,,,,
2026-01-25 08:00:00+00:00,AVAX/USDT:USDT,avax_trend,entry,short,11.928,0.8359552505551848,-0.0026216932653090655,0.01,,,,
2026-01-25 09:00:00+00:00,LINK/USDT:USDT,link_trend,exit,short,12.084,0.8251683264239431,,,sl,12.078282411121148,-0.0012619964036138156,1.0
2026-01-25 09:00:00+00:00,BNB/USDT:USDT,bnb_trend,exit,short,882.77,0.06588669345415944,,,sl,882.165849487083,0.004931685104200868,4.0
2026-01-25 10:00:00+00:00,XRP/USDT:USDT,xrp_trend,exit,short,1.8939,5.264963363344853,,,sl,1.904822725810381,-0.06352504433855222,2.0
2026-01-25 10:00:00+00:00,AVAX/USDT:USDT,avax_trend,exit,short,11.928,0.8359552505551848,,,sl,12.036383392386819,-0.09664079267547998,2.0
2026-01-25 10:00:00+00:00,BTC/USDT:USDT,btc_trend,entry,short,88361.6,0.0006581650972833465,-0.05833333333333334,0.05833333333333334,,,,
2026-01-25 11:00:00+00:00,LINK/USDT:USDT,link_trend,entry,short,12.098,0.8240678634111863,-0.003009223053139615,0.01,,,,
2026-01-25 11:00:00+00:00,BNB/USDT:USDT,bnb_trend,entry,short,882.56,0.01129617597942634,-0.0030373030105285614,0.01,,,,
2026-01-25 12:00:00+00:00,BTC/USDT:USDT,btc_trend,exit,short,88361.6,0.0006581650972833465,,,sl,88745.63560743343,-0.2878044008625137,2.0
2026-01-25 12:00:00+00:00,XRP/USDT:USDT,xrp_trend,entry,short,1.9011,5.242572768022587,-0.0037070034356339343,0.01,,,,
2026-01-25 14:00:00+00:00,LINK/USDT:USDT,link_trend,exit,short,12.098,0.8240678634111863,,,tp,11.949271009359386,0.11665457540651157,3.0
2026-01-25 14:00:00+00:00,BTC/USDT:USDT,btc_trend,entry,short,88875.1,0.0006542384754196375,-0.05833333333333334,0.05833333333333334,,,,
2026-01-25 16:00:00+00:00,BTC/USDT:USDT,btc_trend,exit,short,88875.1,0.0006542384754196375,,,tp,88139.29432236298,0.44679391421714276,2.0
2026-01-25 16:00:00+00:00,BNB/USDT:USDT,bnb_trend,exit,short,882.56,0.01129617597942634,,,tp,875.6676376576177,0.07192232049284003,5.0
2026-01-25 16:00:00+00:00,XRP/USDT:USDT,xrp_trend,exit,short,1.9011,5.242572768022587,,,tp,1.880857177488908,0.1002081516730196,4.0
2026-01-25 16:00:00+00:00,ETH/USDT:USDT,eth_trend,exit,short,2938.43,0.0033934087833334767,,,tp,2907.503986457528,0.09902479624938126,8.0
2026-01-25 16:00:00+00:00,LINK/USDT:USDT,link_trend,entry,short,11.957,0.8342280590899135,-0.004487610117541843,0.01,,,,
2026-01-25 17:00:00+00:00,LINK/USDT:USDT,link_trend,exit,short,11.957,0.8342280590899135,,,tp,11.753620119374114,0.16378208325279253,1.0
2026-01-25 17:00:00+00:00,AVAX/USDT:USDT,avax_trend,entry,short,11.662,0.8554692825965374,-0.0024898001154767956,0.01,,,,
2026-01-25 18:00:00+00:00,BTC/USDT:USDT,btc_trend,entry,short,87845.7,0.0006624801569183895,-0.05833333333333334,0.05833333333333334,,,,
2026-01-25 18:00:00+00:00,BNB/USDT:USDT,bnb_trend,entry,short,869.84,0.011469174133874082,-0.0038101485526931627,0.01,,,,
2026-01-25 18:00:00+00:00,ETH/USDT:USDT,eth_trend,entry,short,2883.04,0.0034603496572771014,-0.0033449896415130606,0.01,,,,
2026-01-25 19:00:00+00:00,BTC/USDT:USDT,btc_trend,exit,short,87845.7,0.0006624801569183895,,,tp,86833.6128594138,0.6359723204268916,1.0
2026-01-25 19:00:00+00:00,BNB/USDT:USDT,bnb_trend,exit,short,869.84,0.011469174133874082,,,tp,860.7860757776189,0.09791753026432554,1.0
2026-01-25 19:00:00+00:00,ETH/USDT:USDT,eth_trend,exit,short,2883.04,0.0034603496572771014,,,tp,2836.583365979296,0.1548668554448077,1.0
2026-01-25 19:00:00+00:00,AVAX/USDT:USDT,avax_trend,exit,short,11.662,0.8554692825965374,,,tp,11.395041083750986,0.22252628799364937,2.0
2026-01-25 19:00:00+00:00,LINK/USDT:USDT,link_trend,entry,short,11.613,0.8600206107986326,-0.003921763669707573,0.01,,,,
2026-01-25 21:00:00+00:00,BTC/USDT:USDT,btc_trend,entry,short,86618.3,0.0006726041691782674,-0.05833333333333334,0.05833333333333334,,,,
2026-01-25 21:00:00+00:00,BNB/USDT:USDT,bnb_trend,entry,short,861.24,0.011596399213583203,-0.003969955921640874,0.01,,,,
2026-01-25 21:00:00+00:00,ETH/USDT:USDT,eth_trend,entry,short,2807.76,0.003557021570269781,-0.003615245039958711,0.01,,,,
2026-01-26 00:00:00+00:00,BNB/USDT:USDT,bnb_trend,exit,short,861.24,0.011596399213583203,,,sl,868.2709758655952,-0.08757529311553389,3.0
2026-01-26 00:00:00+00:00,ETH/USDT:USDT,eth_trend,exit,short,2807.76,0.003557021570269781,,,sl,2844.545505582971,-0.1369177026644906,3.0
2026-01-26 01:00:00+00:00,BTC/USDT:USDT,btc_trend,exit,short,86618.3,0.0006726041691782674,,,sl,87388.31003837056,-0.5531786071187053,4.0
2026-01-26 01:00:00+00:00,LINK/USDT:USDT,link_trend,exit,short,11.613,0.8600206107986326,,,sl,11.785632759262992,-0.15454926331577365,6.0
2026-01-26 02:00:00+00:00,BNB/USDT:USDT,bnb_trend,entry,short,874.59,0.011408683727178185,-0.006146025054080374,0.01,,,,
2026-01-26 03:00:00+00:00,BTC/USDT:USDT,btc_trend,entry,short,87514.8,0.0006650808893255728,-0.05833333333333334,0.05833333333333334,,,,
2026-01-26 03:00:00+00:00,LINK/USDT:USDT,link_trend,entry,short,11.73,0.8506210005344705,-0.005511953387816512,0.01,,,,
2026-01-26 04:00:00+00:00,BNB/USDT:USDT,bnb_trend,exit,short,874.59,0.011408683727178185,,,sl,874.0876476785762,-0.00025213495858076706,2.0
2026-01-26 06:00:00+00:00,BNB/USDT:USDT,bnb_trend,entry,short,872.46,0.011436354514076383,-0.006048827652714326,0.01,,,,
2026-01-26 08:00:00+00:00,BTC/USDT:USDT,btc_trend,exit,short,87514.8,0.0006650808893255728,,,sl,88291.78228723965,-0.5519887768378045,5.0
2026-01-26 08:00:00+00:00,LINK/USDT:USDT,link_trend,exit,short,11.73,0.8506210005344705,,,sl,11.897833362842874,-0.1488349111760465,5.0
2026-01-26 10:00:00+00:00,BTC/USDT:USDT,btc_trend,entry,short,87630.4,0.0007964717229252701,-0.07,0.07,,,,
2026-01-26 11:00:00+00:00,LINK/USDT:USDT,link_trend,entry,short,11.812,0.9847917165697483,-0.011666666666666665,0.011666666666666665,,,,
2026-01-26 14:00:00+00:00,BTC/USDT:USDT,btc_trend,exit,short,87630.4,0.0007964717229252701,,,sl,88311.9803056973,-0.5850622374560808,4.0
2026-01-26 14:00:00+00:00,LINK/USDT:USDT,link_trend,exit,short,11.812,0.9847917165697483,,,sl,11.962414603405874,-0.155195347572193,3.0
2026-01-26 16:00:00+00:00,BTC/USDT:USDT,btc_trend,entry,short,87609.5,0.0007960572501012178,-0.07,0.07,,,,
2026-01-26 23:00:00+00:00,BTC/USDT:USDT,btc_trend,exit,short,87609.5,0.0007960572501012178,,,sl,88496.66182338937,-0.7485006470746812,7.0
2026-01-26 23:00:00+00:00,BNB/USDT:USDT,bnb_trend,exit,short,872.46,0.011436354514076383,,,sl,879.6783526523337,-0.08858782803928612,17.0
2026-01-27 01:00:00+00:00,BTC/USDT:USDT,btc_trend,entry,short,88319.4,0.0006574867759234997,-0.05833333333333334,0.05833333333333334,,,,
2026-01-27 01:00:00+00:00,LINK/USDT:USDT,link_trend,entry,short,11.949,0.9719333850150879,-0.011666666666666665,0.011666666666666665,,,,
2026-01-27 04:00:00+00:00,BNB/USDT:USDT,bnb_trend,entry,short,885.17,0.06560098579408803,-0.05833333333333334,0.05833333333333334,,,,
2026-01-27 13:00:00+00:00,ETH/USDT:USDT,eth_trend,entry,short,2917.15,0.0039811012210593175,-0.011666666666666665,0.011666666666666665,,,,
2026-01-27 14:00:00+00:00,BTC/USDT:USDT,btc_trend,exit,short,88319.4,0.0006574867759234997,,,sl,88278.42984828367,-0.007887807173662654,13.0
2026-01-27 14:00:00+00:00,LINK/USDT:USDT,link_trend,exit,short,11.949,0.9719333850150879,,,sl,11.940763780685307,0.0010416803416397648,13.0
2026-01-27 16:00:00+00:00,BNB/USDT:USDT,bnb_trend,exit,short,885.17,0.06560098579408803,,,sl,891.1528889272208,-0.4275597163263479,12.0
2026-01-27 16:00:00+00:00,ETH/USDT:USDT,eth_trend,exit,short,2917.15,0.0039811012210593175,,,sl,2950.7150531739258,-0.14067413135634968,3.0
2026-01-27 16:00:00+00:00,BTC/USDT:USDT,btc_trend,entry,short,88000.1,0.000659472720062166,-0.05833333333333334,0.05833333333333334,,,,
2026-01-27 16:00:00+00:00,LINK/USDT:USDT,link_trend,entry,short,11.989,0.8298033423969203,-0.0059752143338282935,0.01,,,,
2026-01-27 17:00:00+00:00,LINK/USDT:USDT,link_trend,exit,short,11.989,0.8298033423969203,,,sl,12.136461227228747,-0.12840634488310013,1.0
2026-01-27 20:00:00+00:00,BTC/USDT:USDT,btc_trend,exit,short,88000.1,0.000659472720062166,,,sl,88869.76717306819,-0.608686088425399,4.0
2026-01-27 22:00:00+00:00,BTC/USDT:USDT,btc_trend,entry,short,89039.5,0.0007815390939355382,-0.07,0.07,,,,
2026-01-28 03:00:00+00:00,LINK/USDT:USDT,link_trend,entry,short,12.016,0.9651974578974032,-0.011666666666666665,0.011666666666666665,,,,
2026-01-28 11:00:00+00:00,BTC/USDT:USDT,btc_trend,exit,short,89039.5,0.0007815390939355382,,,sl,89744.94112383874,-0.5934133247325306,13.0
2026-01-28 13:00:00+00:00,BTC/USDT:USDT,btc_trend,entry,short,89955.0,0.0007731107178307237,-0.07,0.07,,,,
2026-01-28 14:00:00+00:00,LINK/USDT:USDT,link_trend,exit,short,12.016,0.9651974578974032,,,tp,11.787606617576111,0.2136182913509393,11.0
2026-01-29 02:00:00+00:00,BTC/USDT:USDT,btc_trend,exit,short,89955.0,0.0007731107178307237,,,tp,88399.8556258707,1.1612930579100884,13.0
2026-01-29 04:00:00+00:00,BTC/USDT:USDT,btc_trend,entry,short,88003.2,0.0007913399147356725,-0.07,0.07,,,,
2026-01-29 09:00:00+00:00,LINK/USDT:USDT,link_trend,entry,short,11.577,1.0025549194989969,-0.011666666666666665,0.011666666666666665,,,,
2026-01-29 14:00:00+00:00,LINK/USDT:USDT,link_trend,exit,short,11.577,1.0025549194989969,,,tp,11.367851615139049,0.2028446048110806,5.0
2026-01-29 15:00:00+00:00,BTC/USDT:USDT,btc_trend,exit,short,88003.2,0.0007913399147356725,,,tp,86710.56932133657,0.9817397303181709,11.0
2026-01-29 16:00:00+00:00,LINK/USDT:USDT,link_trend,entry,short,11.025,5.270009692335763,-0.05833333333333334,0.05833333333333334,,,,
2026-01-29 17:00:00+00:00,BTC/USDT:USDT,btc_trend,entry,short,85230.3,0.0006816962864498319,-0.05833333333333334,0.05833333333333334,,,,
2026-01-29 22:00:00+00:00,BNB/USDT:USDT,bnb_trend,entry,short,865.59,0.011506701686067156,-0.005606878472033496,0.01,,,,
2026-01-30 01:00:00+00:00,BTC/USDT:USDT,btc_trend,exit,short,85230.3,0.0006816962864498319,,,tp,83425.483801307,1.1962139948719455,8.0
2026-01-30 01:00:00+00:00,LINK/USDT:USDT,link_trend,exit,short,11.025,5.270009692335763,,,tp,10.722386699774516,1.5608707761183451,9.0
2026-01-30 01:00:00+00:00,BNB/USDT:USDT,bnb_trend,exit,short,865.59,0.011506701686067156,,,tp,849.7793746758744,0.17606125441687226,3.0
2026-01-30 03:00:00+00:00,BTC/USDT:USDT,btc_trend,entry,short,82128.1,0.0008514233516625347,-0.07,0.07,,,,
2026-01-30 05:00:00+00:00,LINK/USDT:USDT,link_trend,entry,short,10.907,1.068500400457282,-0.011666666666666665,0.011666666666666665,,,,
2026-01-30 14:00:00+00:00,BTC/USDT:USDT,btc_trend,exit,short,82128.1,0.0008514233516625347,,,sl,83290.35885112731,-1.0321235404227793,11.0
2026-01-30 16:00:00+00:00,BTC/USDT:USDT,btc_trend,entry,short,82850.2,0.0008431167504848717,-0.07,0.07,,,,
2026-01-30 18:00:00+00:00,BTC/USDT:USDT,btc_trend,exit,short,82850.2,0.0008431167504848717,,,sl,84110.2145199148,-1.1048881860435,2.0
2026-01-30 18:00:00+00:00,LINK/USDT:USDT,link_trend,exit,short,10.907,1.068500400457282,,,sl,10.891588539009808,0.009484552210323266,13.0
2026-01-30 20:00:00+00:00,BTC/USDT:USDT,btc_trend,entry,short,84200.0,0.0008286785654771235,-0.07,0.07,,,,
2026-01-31 01:00:00+00:00,LINK/USDT:USDT,link_trend,entry,short,10.763,1.0804570963312707,-0.011666666666666665,0.011666666666666665,,,,
2026-01-31 08:00:00+00:00,BTC/USDT:USDT,btc_trend,exit,short,84200.0,0.0008286785654771235,,,tp,82644.50837426439,1.2479111294397744,12.0
2026-01-31 08:00:00+00:00,LINK/USDT:USDT,link_trend,exit,short,10.763,1.0804570963312707,,,tp,10.46082170252363,0.31970920444047723,7.0
2026-01-31 10:00:00+00:00,BTC/USDT:USDT,btc_trend,entry,short,83075.3,0.0007010038782567968,-0.05833333333333334,0.05833333333333334,,,,
2026-01-31 10:00:00+00:00,LINK/USDT:USDT,link_trend,entry,short,10.513,1.1078745946179558,-0.011666666666666665,0.011666666666666665,,,,
2026-01-31 14:00:00+00:00,BTC/USDT:USDT,btc_trend,exit,short,83075.3,0.0007010038782567968,,,tp,81634.23755832958,0.9758548101450203,4.0
2026-01-31 14:00:00+00:00,LINK/USDT:USDT,link_trend,exit,short,10.513,1.1078745946179558,,,tp,10.216780840006129,0.32138233463742816,4.0
2026-01-31 16:00:00+00:00,BTC/USDT:USDT,btc_trend,entry,short,81268.6,0.00086101098358096,-0.07,0.07,,,,
2026-01-31 17:00:00+00:00,BTC/USDT:USDT,btc_trend,exit,short,81268.6,0.00086101098358096,,,tp,79247.91869375003,1.698888801945197,1.0
2026-01-31 19:00:00+00:00,BTC/USDT:USDT,btc_trend,entry,short,77996.8,0.0008986407110571548,-0.07,0.07,,,,
2026-01-31 20:00:00+00:00,TRX/USDT:USDT,trx_trend,entry,short,0.28524,40.95388593043595,-0.011666666666666665,0.011666666666666665,,,,
2026-02-01 07:00:00+00:00,TRX/USDT:USDT,trx_trend,exit,short,0.28524,40.95388593043595,,,sl,0.2872521065277982,-0.08946203522174348,11.0
2026-02-01 09:00:00+00:00,TRX/USDT:USDT,trx_trend,entry,short,0.28633,40.79424245375957,-0.011666666666666665,0.011666666666666665,,,,
2026-02-01 16:00:00+00:00,TRX/USDT:USDT,trx_trend,exit,short,0.28633,40.79424245375957,,,tp,0.2832301867987893,0.11952203474525645,7.0
2026-02-01 18:00:00+00:00,TRX/USDT:USDT,trx_trend,entry,short,0.28445,41.06866799351137,-0.011666666666666665,0.011666666666666665,,,,
2026-02-01 19:00:00+00:00,TRX/USDT:USDT,trx_trend,exit,short,0.28445,41.06866799351137,,,sl,0.28633282916637554,-0.08438087066038344,1.0
2026-02-01 22:00:00+00:00,BTC/USDT:USDT,btc_trend,exit,short,77996.8,0.0008986407110571548,,,sl,77528.56108621186,0.3789763576741531,27.0
2026-02-02 00:00:00+00:00,BTC/USDT:USDT,btc_trend,entry,short,76931.5,0.0009113608054029918,-0.07,0.07,,,,
2026-02-02 05:00:00+00:00,TRX/USDT:USDT,trx_trend,entry,short,0.28289,41.306616369087536,-0.011666666666666665,0.011666666666666665,,,,
2026-02-02 06:00:00+00:00,BTC/USDT:USDT,btc_trend,exit,short,76931.5,0.0009113608054029918,,,sl,76798.81141402759,0.07893232060503441,6.0
2026-02-02 06:00:00+00:00,TRX/USDT:USDT,trx_trend,exit,short,0.28289,41.306616369087536,,,sl,0.28274683956252883,-0.0010941158689774218,1.0
2026-02-02 08:00:00+00:00,BTC/USDT:USDT,btc_trend,entry,short,76612.6,0.0007626754314242121,-0.05833333333333334,0.05833333333333334,,,,
2026-02-02 08:00:00+00:00,TRX/USDT:USDT,trx_trend,entry,short,0.28348,41.223272236353,-0.011666666666666665,0.011666666666666665,,,,
2026-02-02 12:00:00+00:00,BTC/USDT:USDT,btc_trend,exit,short,76612.6,0.0007626754314242121,,,sl,78140.53426437086,-1.2010754436759536,4.0
2026-02-02 14:00:00+00:00,BTC/USDT:USDT,btc_trend,entry,short,78172.1,0.0008958643863563317,-0.07,0.07,,,,
2026-02-03 15:00:00+00:00,BTC/USDT:USDT,btc_trend,exit,short,78172.1,0.0008958643863563317,,,sl,78034.95616434525,0.0809170353002954,25.0
2026-02-03 17:00:00+00:00,BTC/USDT:USDT,btc_trend,entry,short,76458.2,0.0009160074935945559,-0.07,0.07,,,,
2026-02-03 18:00:00+00:00,BTC/USDT:USDT,btc_trend,exit,short,76458.2,0.0009160074935945559,,,tp,74166.09963618411,2.058819087503706,1.0
2026-02-03 18:00:00+00:00,TRX/USDT:USDT,trx_trend,exit,short,0.28348,41.223272236353,,,tp,0.28129172071341224,0.08325057365169922,34.0
2026-02-03 20:00:00+00:00,BTC/USDT:USDT,btc_trend,entry,short,74893.8,0.0009371302900247296,-0.07,0.07,,,,
2026-02-03 21:00:00+00:00,BTC/USDT:USDT,btc_trend,exit,short,74893.8,0.0009371302900247296,,,sl,76615.10871397109,-1.6561695377754564,1.0
2026-02-03 23:00:00+00:00,BTC/USDT:USDT,btc_trend,entry,short,75672.5,0.0009259418422006753,-0.07,0.07,,,,
2026-02-04 14:00:00+00:00,BTC/USDT:USDT,btc_trend,exit,short,75672.5,0.0009259418422006753,,,sl,75593.14980672294,0.031476747908067,15.0
2026-02-04 16:00:00+00:00,BTC/USDT:USDT,btc_trend,entry,short,74107.0,0.0009455187292645421,-0.07,0.07,,,,
2026-02-04 18:00:00+00:00,BTC/USDT:USDT,btc_trend,exit,short,74107.0,0.0009455187292645421,,,sl,73714.68283637636,0.32912405807193673,2.0
2026-02-04 20:00:00+00:00,BTC/USDT:USDT,btc_trend,entry,short,73895.3,0.0009485260115309346,-0.07,0.07,,,,
2026-02-05 04:00:00+00:00,BTC/USDT:USDT,btc_trend,exit,short,73895.3,0.0009485260115309346,,,tp,71052.55168750188,2.6559836025633943,8.0
2026-02-05 05:00:00+00:00,TRX/USDT:USDT,trx_trend,entry,short,0.28095,41.68983315504703,-0.011666666666666665,0.011666666666666665,,,,
2026-02-05 06:00:00+00:00,BTC/USDT:USDT,btc_trend,entry,short,70694.9,0.0008284000186109848,-0.05833333333333334,0.05833333333333334,,,,
2026-02-05 12:00:00+00:00,TRX/USDT:USDT,trx_trend,exit,short,0.28095,41.68983315504703,,,tp,0.27764830165045573,0.13070218649784002,7.0
2026-02-05 14:00:00+00:00,BTC/USDT:USDT,btc_trend,exit,short,70694.9,0.0008284000186109848,,,sl,70592.4672185465,0.04976803736786397,8.0
2026-02-05 14:00:00+00:00,TRX/USDT:USDT,trx_trend,entry,short,0.2778,42.16954691344011,-0.011666666666666665,0.011666666666666665,,,,
2026-02-05 18:00:00+00:00,TRX/USDT:USDT,trx_trend,exit,short,0.2778,42.16954691344011,,,tp,0.2739035368648393,0.1573818521461007,4.0
2026-02-05 20:00:00+00:00,TRX/USDT:USDT,trx_trend,entry,short,0.27261,257.8740820922576,-0.07,0.07,,,,
2026-02-06 00:00:00+00:00,TRX/USDT:USDT,trx_trend,exit,short,0.27261,257.8740820922576,,,tp,0.2679318504044656,1.1649179248469057,4.0
2026-02-06 02:00:00+00:00,TRX/USDT:USDT,trx_trend,entry,short,0.2711,259.6075750171906,-0.07,0.07,,,,
2026-02-06 17:00:00+00:00,TRX/USDT:USDT,trx_trend,exit,short,0.2711,259.6075750171906,,,sl,0.2736368518680898,-0.7012088813819037,15.0
2026-02-07 22:00:00+00:00,TRX/USDT:USDT,trx_trend,entry,short,0.27793,253.0476870106624,-0.07,0.07,,,,
2026-02-08 08:00:00+00:00,TRX/USDT:USDT,trx_trend,exit,short,0.27793,253.0476870106624,,,sl,0.27783922547296436,-0.01921365991420169,10.0
2026-02-11 07:00:00+00:00,BTC/USDT:USDT,btc_trend,entry,short,66788.0,0.0010529917662015376,-0.07,0.07,,,,
2026-02-11 14:00:00+00:00,BTC/USDT:USDT,btc_trend,exit,short,66788.0,0.0010529917662015376,,,sl,67751.10401053251,-1.0569454058909031,7.0
2026-02-11 16:00:00+00:00,BTC/USDT:USDT,btc_trend,entry,short,66489.3,0.0010565947200776484,-0.07,0.07,,,,
2026-02-11 19:00:00+00:00,BTC/USDT:USDT,btc_trend,exit,short,66489.3,0.0010565947200776484,,,sl,67792.45349785924,-1.4198825943449596,3.0
2026-02-13 20:00:00+00:00,BTC/USDT:USDT,btc_trend,entry,short,68904.2,0.0010181072853127698,-0.07,0.07,,,,
2026-02-14 00:00:00+00:00,LINK/USDT:USDT,link_trend,entry,short,8.764,1.334072833609007,-0.011666666666666665,0.011666666666666665,,,,
2026-02-14 02:00:00+00:00,TRX/USDT:USDT,trx_trend,entry,long,0.28231,35.49832362453414,0.005338637190380153,0.01,,,,
2026-02-14 03:00:00+00:00,TRX/USDT:USDT,trx_trend,exit,long,0.28231,35.49832362453414,,,reverse_signal,0.28264,0.005694499082553161,1.0
2026-02-14 05:00:00+00:00,TRX/USDT:USDT,trx_trend,entry,long,0.28218,35.51480843564241,0.005664482464378074,0.01,,,,
2026-02-14 06:00:00+00:00,TRX/USDT:USDT,trx_trend,exit,long,0.28218,35.51480843564241,,,reverse_signal,0.28279,0.015638093539232657,1.0
2026-02-14 07:00:00+00:00,LINK/USDT:USDT,link_trend,exit,short,8.764,1.334072833609007,,,sl,8.881440418774408,-0.16378316528620682,7.0
2026-02-14 08:00:00+00:00,BTC/USDT:USDT,btc_trend,exit,short,68904.2,0.0010181072853127698,,,sl,69536.92968879623,-0.6866643386257898,12.0
2026-02-14 08:00:00+00:00,TRX/USDT:USDT,trx_trend,entry,long,0.28267,41.32758077729031,0.011666666666666665,0.011666666666666665,,,,
2026-02-14 09:00:00+00:00,TRX/USDT:USDT,trx_trend,exit,long,0.28267,41.32758077729031,,,reverse_signal,0.28233,-0.021052186992788123,1.0
2026-02-14 10:00:00+00:00,BTC/USDT:USDT,btc_trend,entry,short,69675.6,0.0008382988012526242,-0.05833333333333334,0.05833333333333334,,,,
2026-02-14 11:00:00+00:00,BTC/USDT:USDT,btc_trend,exit,short,69675.6,0.0008382988012526242,,,sl,70292.076430862,-0.5521469110378342,1.0
2026-02-14 11:00:00+00:00,TRX/USDT:USDT,trx_trend,entry,long,0.28289,41.2712234075016,0.011666666666666665,0.011666666666666665,,,,
2026-02-14 12:00:00+00:00,TRX/USDT:USDT,trx_trend,exit,long,0.28289,41.2712234075016,,,reverse_signal,0.28346,0.016505352750022288,1.0
2026-02-14 13:00:00+00:00,BTC/USDT:USDT,btc_trend,entry,short,69602.2,0.0008387221747319268,-0.05833333333333334,0.05833333333333334,,,,
2026-02-14 14:00:00+00:00,TRX/USDT:USDT,trx_trend,entry,long,0.28338,41.19996293753505,0.011666666666666665,0.011666666666666665,,,,
2026-02-14 15:00:00+00:00,TRX/USDT:USDT,trx_trend,exit,long,0.28338,41.19996293753505,,,reverse_signal,0.28309,-0.018945967756677756,1.0
2026-02-15 00:00:00+00:00,BTC/USDT:USDT,btc_trend,exit,short,69602.2,0.0008387221747319268,,,trend_break,69795.4,-0.19716449396277663,11.0
2026-02-15 15:00:00+00:00,TRX/USDT:USDT,trx_trend,entry,long,0.28034,249.82586073223516,0.07,0.07,,,,
2026-02-15 16:00:00+00:00,TRX/USDT:USDT,trx_trend,exit,long,0.28034,249.82586073223516,,,reverse_signal,0.28055,0.010410243616723103,1.0
2026-02-15 18:00:00+00:00,BTC/USDT:USDT,btc_trend,entry,short,68607.8,0.0010208158548763084,-0.07,0.07,,,,
2026-02-16 06:00:00+00:00,LINK/USDT:USDT,link_trend,entry,short,8.686,1.3438281814637092,-0.011666666666666665,0.011666666666666665,,,,
2026-02-16 09:00:00+00:00,LINK/USDT:USDT,link_trend,exit,short,8.686,1.3438281814637092,,,sl,8.831595934967796,-0.20277680901910747,3.0
2026-02-16 12:00:00+00:00,BTC/USDT:USDT,btc_trend,exit,short,68607.8,0.0010208158548763084,,,sl,69282.31951241112,-0.7309949068252332,18.0
2026-02-16 14:00:00+00:00,BTC/USDT:USDT,btc_trend,entry,short,68355.6,0.0010236092151948253,-0.07,0.07,,,,
2026-02-16 19:00:00+00:00,TRX/USDT:USDT,trx_trend,entry,long,0.28283,41.23115328304541,0.011666666666666665,0.011666666666666665,,,,
2026-02-16 20:00:00+00:00,TRX/USDT:USDT,trx_trend,exit,long,0.28283,41.23115328304541,,,reverse_signal,0.28342,0.01731494035890751,1.0
2026-02-16 22:00:00+00:00,TRX/USDT:USDT,trx_trend,entry,long,0.28504,245.4725346771975,0.07,0.07,,,,
2026-02-16 23:00:00+00:00,TRX/USDT:USDT,trx_trend,exit,long,0.28504,245.4725346771975,,,reverse_signal,0.28425,-0.23578864318418524,1.0
2026-02-17 01:00:00+00:00,TRX/USDT:USDT,trx_trend,entry,long,0.28508,245.3767591780816,0.07,0.07,,,,
2026-02-17 02:00:00+00:00,BTC/USDT:USDT,btc_trend,exit,short,68355.6,0.0010236092151948253,,,sl,69174.81654572717,-0.8810423932517668,12.0
2026-02-17 02:00:00+00:00,TRX/USDT:USDT,trx_trend,exit,long,0.28508,245.3767591780816,,,reverse_signal,0.28509,-0.0395189085726643,1.0
2026-02-17 04:00:00+00:00,TRX/USDT:USDT,trx_trend,entry,long,0.28415,245.9496318397632,0.07,0.07,,,,
2026-02-17 05:00:00+00:00,TRX/USDT:USDT,trx_trend,exit,long,0.28415,245.9496318397632,,,reverse_signal,0.28432,-0.00014560218204828085,1.0
2026-02-17 07:00:00+00:00,TRX/USDT:USDT,trx_trend,entry,long,0.2845,245.6435827166452,0.07,0.07,,,,
2026-02-17 08:00:00+00:00,TRX/USDT:USDT,trx_trend,exit,long,0.2845,245.6435827166452,,,reverse_signal,0.28438,-0.07139090315776173,1.0
2026-02-17 13:00:00+00:00,TRX/USDT:USDT,trx_trend,entry,long,0.28115,248.54925670024733,0.07,0.07,,,,
2026-02-17 14:00:00+00:00,TRX/USDT:USDT,trx_trend,exit,long,0.28115,248.54925670024733,,,reverse_signal,0.28072,-0.1487398287856389,1.0
2026-02-17 16:00:00+00:00,TRX/USDT:USDT,trx_trend,entry,long,0.28002,249.51158281026446,0.07,0.07,,,,
2026-02-17 17:00:00+00:00,TRX/USDT:USDT,trx_trend,exit,long,0.28002,249.51158281026446,,,reverse_signal,0.28098,0.1974664607750411,1.0
2026-02-18 22:00:00+00:00,BTC/USDT:USDT,btc_trend,entry,short,66300.6,0.0010540037030662866,-0.07,0.07,,,,
2026-02-19 04:00:00+00:00,BTC/USDT:USDT,btc_trend,exit,short,66300.6,0.0010540037030662866,,,sl,67024.10291479192,-0.8049609429700594,6.0
2026-02-19 06:00:00+00:00,BTC/USDT:USDT,btc_trend,entry,short,66847.6,0.0010445214534914927,-0.07,0.07,,,,
2026-02-19 13:00:00+00:00,BTC/USDT:USDT,btc_trend,exit,short,66847.6,0.0010445214534914927,,,tp,65742.86908182947,1.1127132420624466,7.0
2026-02-19 15:00:00+00:00,BTC/USDT:USDT,btc_trend,entry,short,66381.9,0.0010530078938510332,-0.07,0.07,,,,
2026-02-20 00:00:00+00:00,BTC/USDT:USDT,btc_trend,exit,short,66381.9,0.0010530078938510332,,,sl,67129.8241532112,-0.8299829781809478,9.0
2026-02-20 00:00:00+00:00,TRX/USDT:USDT,trx_trend,entry,long,0.28481,245.22168214266105,0.07,0.07,,,,
2026-02-20 01:00:00+00:00,TRX/USDT:USDT,trx_trend,exit,long,0.28481,245.22168214266105,,,sl,0.28341688271404203,-0.38332254312069414,1.0
2026-02-20 03:00:00+00:00,TRX/USDT:USDT,trx_trend,entry,long,0.28347,246.28277041948274,0.07,0.07,,,,
2026-02-20 04:00:00+00:00,TRX/USDT:USDT,trx_trend,exit,long,0.28347,246.28277041948274,,,target_flatten,0.28321,-0.10588336635536222,1.0
2026-02-20 08:00:00+00:00,BTC/USDT:USDT,btc_trend,entry,short,67794.7,0.0010296584792364133,-0.07,0.07,,,,
2026-02-20 13:00:00+00:00,BTC/USDT:USDT,btc_trend,exit,short,67794.7,0.0010296584792364133,,,tp,66659.20392583503,1.1279914321787896,5.0
2026-02-20 15:00:00+00:00,TRX/USDT:USDT,trx_trend,entry,long,0.28578,244.5355512181173,0.07,0.07,,,,
2026-02-20 16:00:00+00:00,TRX/USDT:USDT,trx_trend,exit,long,0.28578,244.5355512181173,,,reverse_signal,0.28603,0.01916718557558532,1.0
2026-02-20 18:00:00+00:00,TRX/USDT:USDT,trx_trend,entry,long,0.28563,244.6652423167254,0.07,0.07,,,,
2026-02-20 19:00:00+00:00,TRX/USDT:USDT,trx_trend,exit,long,0.28563,244.6652423167254,,,reverse_signal,0.28499,-0.198422043527404,1.0
2026-02-20 21:00:00+00:00,TRX/USDT:USDT,trx_trend,entry,long,0.28545,244.76743824703124,0.07,0.07,,,,
2026-02-20 22:00:00+00:00,TRX/USDT:USDT,trx_trend,exit,long,0.28545,244.76743824703124,,,reverse_signal,0.28548,-0.034582701815039196,1.0
2026-02-21 00:00:00+00:00,TRX/USDT:USDT,trx_trend,entry,long,0.28522,244.95290054825946,0.07,0.07,,,,
2026-02-21 01:00:00+00:00,TRX/USDT:USDT,trx_trend,exit,long,0.28522,244.95290054825946,,,reverse_signal,0.28521,-0.044367339064692896,1.0
2026-02-21 03:00:00+00:00,TRX/USDT:USDT,trx_trend,entry,long,0.28474,245.35148719572908,0.07,0.07,,,,
2026-02-21 04:00:00+00:00,TRX/USDT:USDT,trx_trend,exit,long,0.28474,245.35148719572908,,,reverse_signal,0.28453,-0.09340972750218063,1.0
2026-02-21 10:00:00+00:00,TRX/USDT:USDT,trx_trend,entry,long,0.28644,243.86910251302982,0.07,0.07,,,,
2026-02-21 11:00:00+00:00,TRX/USDT:USDT,trx_trend,exit,long,0.28644,243.86910251302982,,,reverse_signal,0.28657,-0.010228357897596865,1.0
2026-02-21 15:00:00+00:00,TRX/USDT:USDT,trx_trend,entry,long,0.28598,244.25544368368162,0.07,0.07,,,,
2026-02-21 16:00:00+00:00,TRX/USDT:USDT,trx_trend,exit,long,0.28598,244.25544368368162,,,reverse_signal,0.28723,0.2632248099510372,1.0
2026-02-21 18:00:00+00:00,TRX/USDT:USDT,trx_trend,entry,long,0.28745,243.06703632266783,0.07,0.07,,,,
2026-02-21 19:00:00+00:00,TRX/USDT:USDT,trx_trend,exit,long,0.28745,243.06703632266783,,,reverse_signal,0.28839,0.18642415258025039,1.0
2026-02-21 21:00:00+00:00,TRX/USDT:USDT,trx_trend,entry,long,0.28899,241.81352678970623,0.07,0.07,,,,
2026-02-21 22:00:00+00:00,TRX/USDT:USDT,trx_trend,exit,long,0.28899,241.81352678970623,,,reverse_signal,0.28952,0.08615525783284478,1.0
2026-02-22 00:00:00+00:00,TRX/USDT:USDT,trx_trend,entry,long,0.289,241.82264232294122,0.07,0.07,,,,
2026-02-22 01:00:00+00:00,TRX/USDT:USDT,trx_trend,exit,long,0.289,241.82264232294122,,,reverse_signal,0.28914,-0.00809718935553435,1.0
2026-02-22 03:00:00+00:00,TRX/USDT:USDT,trx_trend,entry,long,0.28879,241.99313831387613,0.07,0.07,,,,
2026-02-22 04:00:00+00:00,TRX/USDT:USDT,trx_trend,exit,long,0.28879,241.99313831387613,,,sl,0.28770968377314265,-0.3032033756883456,1.0
2026-02-22 13:00:00+00:00,XRP/USDT:USDT,xrp_trend,entry,short,1.408,49.61860496064511,-0.07,0.07,,,,
2026-02-22 15:00:00+00:00,XRP/USDT:USDT,xrp_trend,exit,short,1.408,49.61860496064511,,,tp,1.3886056086230028,0.9209822403031238,2.0
2026-02-22 18:00:00+00:00,BTC/USDT:USDT,btc_trend,entry,short,67365.0,0.0010380239955387598,-0.07,0.07,,,,
2026-02-22 19:00:00+00:00,LINK/USDT:USDT,link_trend,entry,short,8.631,1.1573813246049638,-0.0040773090028473555,0.01,,,,
2026-02-22 19:00:00+00:00,XRP/USDT:USDT,xrp_trend,entry,short,1.3893,7.19019523065502,-0.0035040902637395554,0.01,,,,
2026-02-22 19:00:00+00:00,AVAX/USDT:USDT,avax_trend,entry,short,8.812,1.1336039781289777,-0.004085267400079755,0.01,,,,
2026-02-22 21:00:00+00:00,XRP/USDT:USDT,xrp_trend,exit,short,1.3893,7.19019523065502,,,sl,1.3884647344229202,1.572306182128641e-05,2.0
2026-02-22 21:00:00+00:00,ETH/USDT:USDT,eth_trend,entry,short,1940.02,0.00514906982086095,-0.0038227272844069344,0.01,,,,
2026-02-22 22:00:00+00:00,ETH/USDT:USDT,eth_trend,exit,short,1940.02,0.00514906982086095,,,sl,1955.3855665470587,-0.08515942507320345,1.0
2026-02-22 23:00:00+00:00,XRP/USDT:USDT,xrp_trend,entry,short,1.4004,7.132552742801384,-0.0034155933432886785,0.01,,,,
2026-02-23 00:00:00+00:00,XRP/USDT:USDT,xrp_trend,exit,short,1.4004,7.132552742801384,,,tp,1.3805339481040197,0.13578762422046137,1.0
2026-02-23 01:00:00+00:00,BTC/USDT:USDT,btc_trend,exit,short,67365.0,0.0010380239955387598,,,tp,66542.43783264971,0.8123956792168082,7.0
2026-02-23 01:00:00+00:00,LINK/USDT:USDT,link_trend,exit,short,8.631,1.1573813246049638,,,tp,8.47670574014237,0.1726908263022796,6.0
2026-02-23 01:00:00+00:00,AVAX/USDT:USDT,avax_trend,exit,short,8.812,1.1336039781289777,,,tp,8.651387040607297,0.17618714164729607,6.0
2026-02-23 03:00:00+00:00,BTC/USDT:USDT,btc_trend,entry,short,64742.4,0.0009011307695080098,-0.05833333333333334,0.05833333333333334,,,,
2026-02-23 03:00:00+00:00,LINK/USDT:USDT,link_trend,entry,short,8.217,1.2171426085118342,-0.005954722860143978,0.01,,,,
2026-02-23 03:00:00+00:00,BNB/USDT:USDT,bnb_trend,entry,short,587.05,0.017036437801925076,-0.005711943806522687,0.01,,,,
2026-02-23 05:00:00+00:00,BNB/USDT:USDT,bnb_trend,exit,short,587.05,0.017036437801925076,,,sl,594.319417145933,-0.12992002453374615,2.0
2026-02-23 06:00:00+00:00,BTC/USDT:USDT,btc_trend,exit,short,64742.4,0.0009011307695080098,,,sl,65437.99718823015,-0.6622049451542147,3.0
2026-02-23 06:00:00+00:00,LINK/USDT:USDT,link_trend,exit,short,8.217,1.2171426085118342,,,sl,8.345285099104586,-0.16223570140193425,3.0
2026-02-23 07:00:00+00:00,BNB/USDT:USDT,bnb_trend,entry,short,598.44,0.016696205471605493,-0.005653182473404097,0.01,,,,
2026-02-23 08:00:00+00:00,BTC/USDT:USDT,btc_trend,entry,short,65915.8,0.0008842290787832395,-0.05833333333333334,0.05833333333333334,,,,
2026-02-23 08:00:00+00:00,LINK/USDT:USDT,link_trend,entry,short,8.35,1.1965916945795168,-0.0059578900991388,0.01,,,,
2026-02-23 09:00:00+00:00,LINK/USDT:USDT,link_trend,exit,short,8.35,1.1965916945795168,,,sl,8.475114381462381,-0.1557955806180209,1.0
2026-02-23 09:00:00+00:00,BNB/USDT:USDT,bnb_trend,exit,short,598.44,0.016696205471605493,,,sl,605.8139122528373,-0.12918523023687878,2.0
2026-02-23 17:00:00+00:00,BTC/USDT:USDT,btc_trend,exit,short,65915.8,0.0008842290787832395,,,tp,64578.57370749179,1.1481530211061552,9.0
2026-02-23 19:00:00+00:00,BTC/USDT:USDT,btc_trend,entry,short,64602.9,0.0010835592012327813,-0.07,0.07,,,,
2026-02-24 03:00:00+00:00,TRX/USDT:USDT,trx_trend,entry,short,0.28246,41.30383458801667,-0.011666666666666665,0.011666666666666665,,,,
2026-02-24 04:00:00+00:00,BTC/USDT:USDT,btc_trend,exit,short,64602.9,0.0010835592012327813,,,tp,63007.59189006279,1.687647307759747,9.0
2026-02-24 06:00:00+00:00,BTC/USDT:USDT,btc_trend,entry,short,63067.5,0.0009264948756543213,-0.05833333333333334,0.05833333333333334,,,,
2026-02-24 06:00:00+00:00,LINK/USDT:USDT,link_trend,entry,short,8.17,1.2260402280184768,-0.005852951940171084,0.01,,,,
2026-02-24 10:00:00+00:00,TRX/USDT:USDT,trx_trend,exit,short,0.28246,41.30383458801667,,,tp,0.2800309948900431,0.09338741293963407,7.0
2026-02-24 12:00:00+00:00,TRX/USDT:USDT,trx_trend,entry,short,0.28035,35.732700208821214,-0.005846660638869483,0.01,,,,
2026-02-24 14:00:00+00:00,LINK/USDT:USDT,link_trend,exit,short,8.17,1.2260402280184768,,,sl,8.16167181927381,0.004206761809528564,8.0
2026-02-24 15:00:00+00:00,BTC/USDT:USDT,btc_trend,exit,short,63067.5,0.0009264948756543213,,,sl,63950.002056028956,-0.8531832421870269,9.0
2026-02-24 16:00:00+00:00,TRX/USDT:USDT,trx_trend,exit,short,0.28035,35.732700208821214,,,sl,0.28179173972900645,-0.05755876136997036,4.0
2026-02-24 16:00:00+00:00,LINK/USDT:USDT,link_trend,entry,short,8.21,1.2190715122777767,-0.005876833743332206,0.01,,,,
2026-02-24 17:00:00+00:00,BTC/USDT:USDT,btc_trend,entry,short,64227.3,0.0009090098718473843,-0.05833333333333334,0.05833333333333334,,,,
2026-02-24 18:00:00+00:00,TRX/USDT:USDT,trx_trend,entry,short,0.28196,35.4959580513081,-0.005597154417620634,0.01,,,,
2026-02-24 21:00:00+00:00,TRX/USDT:USDT,trx_trend,exit,short,0.28196,35.4959580513081,,,sl,0.28326235074894757,-0.052260988664552664,3.0
2026-02-25 00:00:00+00:00,BNB/USDT:USDT,bnb_trend,entry,short,583.4,0.020013508152684444,-0.011666666666666665,0.011666666666666665,,,,
2026-02-25 01:00:00+00:00,BTC/USDT:USDT,btc_trend,exit,short,64227.3,0.0009090098718473843,,,sl,65028.08627277791,-0.7633893306165684,8.0
2026-02-25 01:00:00+00:00,LINK/USDT:USDT,link_trend,exit,short,8.21,1.2190715122777767,,,sl,8.327621077022036,-0.14947968361301764,9.0
2026-02-25 01:00:00+00:00,BNB/USDT:USDT,bnb_trend,exit,short,583.4,0.020013508152684444,,,sl,590.5945440071155,-0.15107998637410341,1.0
2026-02-25 03:00:00+00:00,BTC/USDT:USDT,btc_trend,entry,short,65852.0,0.0010626958033967868,-0.07,0.07,,,,
2026-02-25 14:00:00+00:00,BTC/USDT:USDT,btc_trend,exit,short,65852.0,0.0010626958033967868,,,sl,66723.77057062511,-0.9689711695114593,11.0
2026-02-25 18:00:00+00:00,BTC/USDT:USDT,btc_trend,entry,short,68625.6,0.0010187428063929897,-0.07,0.07,,,,
2026-02-25 20:00:00+00:00,BTC/USDT:USDT,btc_trend,exit,short,68625.6,0.0010187428063929897,,,trend_break,69005.2,-0.42889389996899574,2.0
2026-02-27 16:00:00+00:00,BTC/USDT:USDT,btc_trend,entry,short,66072.6,0.001057637129395487,-0.07,0.07,,,,
2026-02-27 22:00:00+00:00,TRX/USDT:USDT,trx_trend,entry,short,0.28265,41.20517522495802,-0.011666666666666665,0.011666666666666665,,,,
2026-02-28 06:00:00+00:00,BTC/USDT:USDT,btc_trend,exit,short,66072.6,0.001057637129395487,,,tp,64915.41106891523,1.1826918098308616,14.0
2026-02-28 06:00:00+00:00,TRX/USDT:USDT,trx_trend,exit,short,0.28265,41.20517522495802,,,tp,0.28097388998384026,0.062117859889916326,8.0
2026-02-28 08:00:00+00:00,BTC/USDT:USDT,btc_trend,entry,short,63788.4,0.00018280970178456658,-0.011666666666666665,0.011666666666666665,,,,
2026-02-28 08:00:00+00:00,TRX/USDT:USDT,trx_trend,entry,short,0.28042,207.92224470422508,-0.05833333333333334,0.05833333333333334,,,,
2026-02-28 09:00:00+00:00,TRX/USDT:USDT,trx_trend,exit,short,0.28042,207.92224470422508,,,sl,0.27970580741850803,0.11360228909375687,1.0
2026-02-28 11:00:00+00:00,LINK/USDT:USDT,link_trend,entry,short,8.304,1.2037882417149235,-0.005840092675232278,0.01,,,,
2026-02-28 11:00:00+00:00,TRX/USDT:USDT,trx_trend,entry,short,0.27893,209.05383359863066,-0.05833333333333334,0.05833333333333334,,,,
2026-02-28 13:00:00+00:00,BTC/USDT:USDT,btc_trend,exit,short,63788.4,0.00018280970178456658,,,sl,64694.48646282646,-0.17273746392676306,5.0
2026-02-28 13:00:00+00:00,LINK/USDT:USDT,link_trend,exit,short,8.304,1.2037882417149235,,,sl,8.463422968276566,-0.19802439610294395,2.0
2026-02-28 15:00:00+00:00,BTC/USDT:USDT,btc_trend,entry,short,64402.4,0.00018101523462168043,-0.011666666666666665,0.011666666666666665,,,,
2026-02-28 16:00:00+00:00,TRX/USDT:USDT,trx_trend,exit,short,0.27893,209.05383359863066,,,sl,0.28023896006505694,-0.3087941369828404,5.0
2026-02-28 17:00:00+00:00,BTC/USDT:USDT,btc_trend,exit,short,64402.4,0.00018101523462168043,,,sl,65429.51485226954,-0.19302967935628257,2.0
2026-02-28 18:00:00+00:00,TRX/USDT:USDT,trx_trend,entry,short,0.28132,207.09394521255302,-0.05833333333333334,0.05833333333333334,,,,
2026-02-28 19:00:00+00:00,BTC/USDT:USDT,btc_trend,entry,short,65873.0,0.0001768827561248492,-0.011666666666666665,0.011666666666666665,,,,
2026-02-28 20:00:00+00:00,BTC/USDT:USDT,btc_trend,exit,short,65873.0,0.0001768827561248492,,,sl,66985.96467945924,-0.2039734572048706,1.0
2026-02-28 22:00:00+00:00,BTC/USDT:USDT,btc_trend,entry,short,66684.8,0.0008734667357741157,-0.05833333333333334,0.05833333333333334,,,,
2026-03-01 01:00:00+00:00,TRX/USDT:USDT,trx_trend,exit,short,0.28132,207.09394521255302,,,sl,0.28244685817930015,-0.2684613265502452,7.0
2026-03-01 02:00:00+00:00,BTC/USDT:USDT,btc_trend,exit,short,66684.8,0.0008734667357741157,,,sl,67922.14646261018,-1.1163776170522415,4.0
2026-03-01 04:00:00+00:00,BTC/USDT:USDT,btc_trend,entry,short,67474.7,0.001034440928447009,-0.07,0.07,,,,
2026-03-01 08:00:00+00:00,BTC/USDT:USDT,btc_trend,exit,short,67474.7,0.001034440928447009,,,trend_break,67113.9,0.331571067967064,4.0
2026-03-03 22:00:00+00:00,TRX/USDT:USDT,trx_trend,entry,short,0.28035,249.04877513523343,-0.07,0.07,,,,
2026-03-04 02:00:00+00:00,TRX/USDT:USDT,trx_trend,exit,short,0.28035,249.04877513523343,,,sl,0.2798910528426933,0.07247631304996337,4.0
2026-03-04 09:00:00+00:00,TRX/USDT:USDT,trx_trend,entry,short,0.28368,246.1397347699473,-0.07,0.07,,,,
2026-03-04 15:00:00+00:00,TRX/USDT:USDT,trx_trend,exit,short,0.28368,246.1397347699473,,,sl,0.28507386620009056,-0.385186660284889,6.0
2026-03-04 19:00:00+00:00,TRX/USDT:USDT,trx_trend,entry,long,0.28684,243.3307047289056,0.07,0.07,,,,
2026-03-04 20:00:00+00:00,TRX/USDT:USDT,trx_trend,exit,long,0.28684,243.3307047289056,,,reverse_signal,0.28755,0.13078295387064207,1.0
2026-03-04 22:00:00+00:00,TRX/USDT:USDT,trx_trend,entry,long,0.2873,242.96956837277895,0.07,0.07,,,,
2026-03-04 23:00:00+00:00,TRX/USDT:USDT,trx_trend,exit,long,0.2873,242.96956837277895,,,reverse_signal,0.28719,-0.06859371072559246,1.0
2026-03-05 01:00:00+00:00,TRX/USDT:USDT,trx_trend,entry,long,0.28732,242.93254267559058,0.07,0.07,,,,
2026-03-05 02:00:00+00:00,TRX/USDT:USDT,trx_trend,exit,long,0.28732,242.93254267559058,,,reverse_signal,0.28705,-0.1074320583474246,1.0
2026-03-05 04:00:00+00:00,TRX/USDT:USDT,trx_trend,entry,long,0.28479,245.06085440560452,0.07,0.07,,,,
2026-03-05 05:00:00+00:00,TRX/USDT:USDT,trx_trend,exit,long,0.28479,245.06085440560452,,,reverse_signal,0.28493,-0.007586593930681604,1.0
2026-03-05 07:00:00+00:00,TRX/USDT:USDT,trx_trend,entry,long,0.28475,245.08998276476487,0.07,0.07,,,,
2026-03-05 08:00:00+00:00,TRX/USDT:USDT,trx_trend,exit,long,0.28475,245.08998276476487,,,reverse_signal,0.284,-0.22558082013669656,1.0
2026-03-06 05:00:00+00:00,TRX/USDT:USDT,trx_trend,entry,long,0.28544,244.43877831993038,0.07,0.07,,,,
2026-03-06 06:00:00+00:00,TRX/USDT:USDT,trx_trend,exit,long,0.28544,244.43877831993038,,,reverse_signal,0.28582,0.05096744078992996,1.0
2026-03-06 08:00:00+00:00,TRX/USDT:USDT,trx_trend,entry,long,0.28597,243.9948099032341,0.07,0.07,,,,
2026-03-06 09:00:00+00:00,TRX/USDT:USDT,trx_trend,exit,long,0.28597,243.9948099032341,,,reverse_signal,0.28575,-0.0955117683366205,1.0
2026-03-06 11:00:00+00:00,TRX/USDT:USDT,trx_trend,entry,long,0.28684,243.22804738357013,0.07,0.07,,,,
2026-03-06 12:00:00+00:00,TRX/USDT:USDT,trx_trend,exit,long,0.28684,243.22804738357013,,,reverse_signal,0.28674,-0.06616873092241327,1.0
2026-03-06 14:00:00+00:00,TRX/USDT:USDT,trx_trend,entry,long,0.28583,244.0678884472418,0.07,0.07,,,,
2026-03-06 15:00:00+00:00,TRX/USDT:USDT,trx_trend,exit,long,0.28583,244.0678884472418,,,reverse_signal,0.28549,-0.12479044695573221,1.0
2026-03-06 22:00:00+00:00,LINK/USDT:USDT,link_trend,entry,short,8.778,7.946253424087998,-0.07,0.07,,,,
2026-03-07 04:00:00+00:00,BTC/USDT:USDT,btc_trend,entry,short,68063.2,0.0008540008407096721,-0.05833333333333334,0.05833333333333334,,,,
2026-03-07 04:00:00+00:00,BNB/USDT:USDT,bnb_trend,entry,short,626.95,0.018542260749461238,-0.011666666666666665,0.011666666666666665,,,,
2026-03-07 10:00:00+00:00,ETH/USDT:USDT,eth_trend,entry,short,1985.29,0.005019076702738864,-0.0034982616566280097,0.01,,,,
2026-03-07 13:00:00+00:00,AAVE/USDT:USDT,aave_trend,entry,short,109.64,0.09088200345252521,-0.004187834994548421,0.01,,,,
2026-03-07 17:00:00+00:00,XRP/USDT:USDT,xrp_trend,entry,short,1.3599,7.32721739093253,-0.0025048281520252858,0.01,,,,
2026-03-07 19:00:00+00:00,BTC/USDT:USDT,btc_trend,exit,short,68063.2,0.0008540008407096721,,,tp,67088.0339520107,0.7984166823764478,15.0
2026-03-07 19:00:00+00:00,BNB/USDT:USDT,bnb_trend,exit,short,626.95,0.018542260749461238,,,tp,619.6311829049789,0.1288137971763435,15.0
2026-03-07 19:00:00+00:00,ETH/USDT:USDT,eth_trend,exit,short,1985.29,0.005019076702738864,,,tp,1951.986863208316,0.1612726949257579,9.0
2026-03-07 21:00:00+00:00,BTC/USDT:USDT,btc_trend,entry,short,67354.4,0.0008639133230563077,-0.05833333333333334,0.05833333333333334,,,,
2026-03-07 21:00:00+00:00,BNB/USDT:USDT,bnb_trend,entry,short,621.0,0.01606285290882612,-0.003094611294217143,0.01,,,,
2026-03-07 21:00:00+00:00,ETH/USDT:USDT,eth_trend,entry,short,1965.26,0.005075670245320063,-0.002568896867400517,0.01,,,,
2026-03-08 02:00:00+00:00,LINK/USDT:USDT,link_trend,exit,short,8.778,7.946253424087998,,,tp,8.628331269821087,1.1481679155249014,28.0
2026-03-08 02:00:00+00:00,AAVE/USDT:USDT,aave_trend,exit,short,109.64,0.09088200345252521,,,tp,107.34529243188481,0.20269416798553594,13.0
2026-03-08 02:00:00+00:00,AVAX/USDT:USDT,avax_trend,entry,short,8.9,1.1223034131606067,-0.001975509215573339,0.01,,,,
2026-03-08 04:00:00+00:00,XRP/USDT:USDT,xrp_trend,exit,short,1.3599,7.32721739093253,,,tp,1.3425042698440834,0.12156020414636041,11.0
2026-03-08 04:00:00+00:00,ETH/USDT:USDT,eth_trend,exit,short,1965.26,0.005075670245320063,,,tp,1930.7876404920323,0.16909030461444136,7.0
2026-03-08 04:00:00+00:00,LINK/USDT:USDT,link_trend,entry,short,8.597,1.162194591743196,-0.002795330780396565,0.01,,,,
2026-03-08 04:00:00+00:00,AAVE/USDT:USDT,aave_trend,entry,short,107.72,0.09275312776125551,-0.0024332430482554178,0.01,,,,
2026-03-08 05:00:00+00:00,BTC/USDT:USDT,btc_trend,exit,short,67354.4,0.0008639133230563077,,,sl,67067.64855185858,0.2129640153770496,8.0
2026-03-08 06:00:00+00:00,ETH/USDT:USDT,eth_trend,entry,short,1947.86,0.005130490168627298,-0.0020080026865024747,0.01,,,,
2026-03-08 07:00:00+00:00,BTC/USDT:USDT,btc_trend,entry,short,67134.3,0.0008683365054619926,-0.05833333333333334,0.05833333333333334,,,,
2026-03-08 09:00:00+00:00,BTC/USDT:USDT,btc_trend,exit,short,67134.3,0.0008683365054619926,,,sl,67717.836574267,-0.5419872314492734,2.0
2026-03-08 09:00:00+00:00,LINK/USDT:USDT,link_trend,exit,short,8.597,1.162194591743196,,,sl,8.695811656289312,-0.12090210770728033,5.0
2026-03-08 09:00:00+00:00,ETH/USDT:USDT,eth_trend,exit,short,1947.86,0.005130490168627298,,,sl,1969.397341652185,-0.11655950382458376,3.0
2026-03-08 10:00:00+00:00,AAVE/USDT:USDT,aave_trend,exit,short,107.72,0.09275312776125551,,,sl,109.20162702835603,-0.14350281653373503,6.0
2026-03-08 10:00:00+00:00,AVAX/USDT:USDT,avax_trend,exit,short,8.9,1.1223034131606067,,,sl,8.984290202947161,-0.10064904219935437,8.0
2026-03-08 10:00:00+00:00,XRP/USDT:USDT,xrp_trend,entry,short,1.3603,7.338898769069432,-0.0023440480509616685,0.01,,,,
2026-03-08 11:00:00+00:00,BTC/USDT:USDT,btc_trend,entry,short,67869.1,0.0008580437465343839,-0.05833333333333334,0.05833333333333334,,,,
2026-03-08 11:00:00+00:00,LINK/USDT:USDT,link_trend,entry,short,8.726,1.144048540000399,-0.004350558020940772,0.01,,,,
2026-03-08 11:00:00+00:00,ETH/USDT:USDT,eth_trend,entry,short,1973.1,0.005059524400237374,-0.0033820365695981154,0.01,,,,
2026-03-08 12:00:00+00:00,LINK/USDT:USDT,link_trend,exit,short,8.726,1.144048540000399,,,tp,8.554982385499933,0.18978006311843731,1.0
2026-03-08 12:00:00+00:00,ETH/USDT:USDT,eth_trend,exit,short,1973.1,0.005059524400237374,,,tp,1935.4463646589788,0.18463402390113073,1.0
2026-03-08 13:00:00+00:00,BTC/USDT:USDT,btc_trend,exit,short,67869.1,0.0008580437465343839,,,tp,66739.23000791574,0.9351187737306682,2.0
2026-03-08 13:00:00+00:00,BNB/USDT:USDT,bnb_trend,exit,short,621.0,0.01606285290882612,,,tp,613.1302855066539,0.12050089338705189,16.0
2026-03-08 14:00:00+00:00,LINK/USDT:USDT,link_trend,entry,short,8.589,1.1639571505128123,-0.003999554739571619,0.01,,,,
2026-03-08 14:00:00+00:00,ETH/USDT:USDT,eth_trend,entry,short,1943.13,0.005144899194237449,-0.003402010611707338,0.01,,,,
2026-03-08 15:00:00+00:00,BTC/USDT:USDT,btc_trend,entry,short,67304.1,0.0008664692026956593,-0.05833333333333334,0.05833333333333334,,,,
2026-03-08 15:00:00+00:00,BNB/USDT:USDT,bnb_trend,entry,short,617.63,0.016186181602290923,-0.004197744890301823,0.01,,,,
2026-03-08 16:00:00+00:00,XRP/USDT:USDT,xrp_trend,exit,short,1.3603,7.338898769069432,,,tp,1.3399593357929507,0.143377779959137,6.0
2026-03-08 19:00:00+00:00,BTC/USDT:USDT,btc_trend,exit,short,67304.1,0.0008664692026956593,,,sl,67261.14729292277,0.0022493702544521127,4.0
2026-03-08 19:00:00+00:00,BNB/USDT:USDT,bnb_trend,exit,short,617.63,0.016186181602290923,,,sl,617.2932881864615,-0.0005448941971059442,4.0
2026-03-08 19:00:00+00:00,ETH/USDT:USDT,eth_trend,exit,short,1943.13,0.005144899194237449,,,sl,1941.5767983316337,0.0019975358688949073,5.0
2026-03-08 19:00:00+00:00,TRX/USDT:USDT,trx_trend,entry,long,0.28944,34.544368942782995,0.0051870592038430925,0.01,,,,
2026-03-08 20:00:00+00:00,TRX/USDT:USDT,trx_trend,exit,long,0.28944,34.544368942782995,,,reverse_signal,0.28988,0.009191289333345934,1.0
2026-03-08 21:00:00+00:00,BTC/USDT:USDT,btc_trend,entry,short,67195.7,0.0008679890533488632,-0.05833333333333334,0.05833333333333334,,,,
2026-03-08 22:00:00+00:00,BTC/USDT:USDT,btc_trend,exit,short,67195.7,0.0008679890533488632,,,tp,65996.757589772,1.0062982097869442,1.0
2026-03-08 22:00:00+00:00,LINK/USDT:USDT,link_trend,exit,short,8.589,1.1639571505128123,,,tp,8.399188792627138,0.2150663345569024,8.0
2026-03-08 22:00:00+00:00,TRX/USDT:USDT,trx_trend,entry,long,0.2905,40.20357854549206,0.011666666666666665,0.011666666666666665,,,,
2026-03-08 23:00:00+00:00,TRX/USDT:USDT,trx_trend,exit,long,0.2905,40.20357854549206,,,sl,0.2892086258656301,-0.05889419446636911,1.0
2026-03-09 00:00:00+00:00,BTC/USDT:USDT,btc_trend,entry,short,65934.3,0.0008856107683864351,-0.05833333333333334,0.05833333333333334,,,,
2026-03-09 01:00:00+00:00,TRX/USDT:USDT,trx_trend,entry,long,0.28927,40.371586991081486,0.011666666666666665,0.011666666666666665,,,,
2026-03-09 02:00:00+00:00,TRX/USDT:USDT,trx_trend,exit,long,0.28927,40.371586991081486,,,reverse_signal,0.28951,0.0026763939879852422,1.0
2026-03-09 03:00:00+00:00,BTC/USDT:USDT,btc_trend,exit,short,65934.3,0.0008856107683864351,,,sl,66806.90282283594,-0.8082854039533749,3.0
2026-03-09 04:00:00+00:00,TRX/USDT:USDT,trx_trend,entry,long,0.29026,201.00707896000634,0.05833333333333334,0.05833333333333334,,,,
2026-03-09 05:00:00+00:00,TRX/USDT:USDT,trx_trend,exit,long,0.29026,201.00707896000634,,,sl,0.28881344074134935,-0.32560077877660804,1.0
2026-03-09 05:00:00+00:00,BTC/USDT:USDT,btc_trend,entry,short,67100.3,0.00017384315920047303,-0.011666666666666665,0.011666666666666665,,,,
2026-03-09 07:00:00+00:00,TRX/USDT:USDT,trx_trend,entry,long,0.28826,40.46659584102495,0.011666666666666665,0.011666666666666665,,,,
2026-03-09 08:00:00+00:00,TRX/USDT:USDT,trx_trend,exit,long,0.28826,40.46659584102495,,,target_flatten,0.28805,-0.01549182688582134,1.0
2026-03-09 09:00:00+00:00,BTC/USDT:USDT,btc_trend,exit,short,67100.3,0.00017384315920047303,,,sl,68064.36550600726,-0.17469570783762875,4.0
2026-03-09 15:00:00+00:00,BTC/USDT:USDT,btc_trend,entry,short,69112.8,0.0010124887005990156,-0.07,0.07,,,,
2026-03-09 19:00:00+00:00,BTC/USDT:USDT,btc_trend,exit,short,69112.8,0.0010124887005990156,,,sl,69045.94544945753,0.02574453325402555,4.0
2026-03-11 15:00:00+00:00,TRX/USDT:USDT,trx_trend,entry,long,0.28973,241.5240103581973,0.07,0.07,,,,
2026-03-11 16:00:00+00:00,TRX/USDT:USDT,trx_trend,exit,long,0.28973,241.5240103581973,,,reverse_signal,0.29037,0.11249657049662753,1.0
2026-03-11 18:00:00+00:00,TRX/USDT:USDT,trx_trend,entry,long,0.29059,240.83294885059354,0.07,0.07,,,,
2026-03-11 19:00:00+00:00,TRX/USDT:USDT,trx_trend,exit,long,0.29059,240.83294885059354,,,reverse_signal,0.29029,-0.11419672268828676,1.0
2026-03-11 21:00:00+00:00,TRX/USDT:USDT,trx_trend,entry,long,0.29128,240.23164331520636,0.07,0.07,,,,
2026-03-11 22:00:00+00:00,TRX/USDT:USDT,trx_trend,exit,long,0.29128,240.23164331520636,,,reverse_signal,0.29059,-0.20764518182606428,1.0
2026-03-12 00:00:00+00:00,TRX/USDT:USDT,trx_trend,entry,long,0.29127,240.18662497580453,0.07,0.07,,,,
2026-03-12 01:00:00+00:00,TRX/USDT:USDT,trx_trend,exit,long,0.29127,240.18662497580453,,,reverse_signal,0.29066,-0.18840142788452105,1.0
2026-03-12 03:00:00+00:00,TRX/USDT:USDT,trx_trend,entry,long,0.28998,241.20625811619792,0.07,0.07,,,,
2026-03-12 04:00:00+00:00,TRX/USDT:USDT,trx_trend,exit,long,0.28998,241.20625811619792,,,reverse_signal,0.28973,-0.10223237802745982,1.0
2026-03-12 06:00:00+00:00,TRX/USDT:USDT,trx_trend,entry,long,0.28961,241.48632724078232,0.07,0.07,,,,
2026-03-12 07:00:00+00:00,TRX/USDT:USDT,trx_trend,exit,long,0.28961,241.48632724078232,,,reverse_signal,0.28971,-0.01782796959486725,1.0
2026-03-12 09:00:00+00:00,TRX/USDT:USDT,trx_trend,entry,long,0.28977,241.34530199247004,0.07,0.07,,,,
2026-03-12 10:00:00+00:00,TRX/USDT:USDT,trx_trend,exit,long,0.28977,241.34530199247004,,,reverse_signal,0.28992,-0.0057807026733276284,1.0
2026-03-12 12:00:00+00:00,TRX/USDT:USDT,trx_trend,entry,long,0.28895,242.02541763065136,0.07,0.07,,,,
2026-03-12 13:00:00+00:00,TRX/USDT:USDT,trx_trend,exit,long,0.28895,242.02541763065136,,,reverse_signal,0.28863,-0.11936161141624621,1.0
2026-03-12 15:00:00+00:00,TRX/USDT:USDT,trx_trend,entry,long,0.28938,241.63352701000628,0.07,0.07,,,,
2026-03-12 16:00:00+00:00,TRX/USDT:USDT,trx_trend,exit,long,0.28938,241.63352701000628,,,reverse_signal,0.28946,-0.022635262276196836,1.0
2026-03-13 21:00:00+00:00,TRX/USDT:USDT,trx_trend,entry,long,0.29162,239.7686943387136,0.07,0.07,,,,
2026-03-13 22:00:00+00:00,TRX/USDT:USDT,trx_trend,exit,long,0.29162,239.7686943387136,,,reverse_signal,0.29228,0.11619958187475801,1.0
2026-03-14 00:00:00+00:00,TRX/USDT:USDT,trx_trend,entry,long,0.2933,238.41971263189188,0.07,0.07,,,,
2026-03-14 01:00:00+00:00,TRX/USDT:USDT,trx_trend,exit,long,0.2933,238.41971263189188,,,reverse_signal,0.29316,-0.07531583354157102,1.0
2026-03-14 03:00:00+00:00,TRX/USDT:USDT,trx_trend,entry,long,0.29351,238.22783076406924,0.07,0.07,,,,
2026-03-14 04:00:00+00:00,TRX/USDT:USDT,trx_trend,exit,long,0.29351,238.22783076406924,,,reverse_signal,0.29396,0.0651848519649891,1.0
2026-03-14 06:00:00+00:00,TRX/USDT:USDT,trx_trend,entry,long,0.29446,237.47142102727366,0.07,0.07,,,,
2026-03-14 07:00:00+00:00,TRX/USDT:USDT,trx_trend,exit,long,0.29446,237.47142102727366,,,reverse_signal,0.29395,-0.1629932592504923,1.0
2026-03-14 09:00:00+00:00,TRX/USDT:USDT,trx_trend,entry,long,0.29337,238.31150474097066,0.07,0.07,,,,
2026-03-14 10:00:00+00:00,TRX/USDT:USDT,trx_trend,exit,long,0.29337,238.31150474097066,,,reverse_signal,0.29361,0.015212376593626183,1.0
2026-03-14 12:00:00+00:00,TRX/USDT:USDT,trx_trend,entry,long,0.29485,237.11559173808408,0.07,0.07,,,,
2026-03-14 13:00:00+00:00,TRX/USDT:USDT,trx_trend,exit,long,0.29485,237.11559173808408,,,tp,0.29728024037947814,0.5339540175799742,1.0
2026-03-14 15:00:00+00:00,TRX/USDT:USDT,trx_trend,entry,long,0.29736,235.23651538792552,0.07,0.07,,,,
2026-03-14 16:00:00+00:00,TRX/USDT:USDT,trx_trend,exit,long,0.29736,235.23651538792552,,,reverse_signal,0.29816,0.14610634065349443,1.0
2026-03-14 18:00:00+00:00,TRX/USDT:USDT,trx_trend,entry,long,0.29702,235.53692802025546,0.07,0.07,,,,
2026-03-14 19:00:00+00:00,TRX/USDT:USDT,trx_trend,exit,long,0.29702,235.53692802025546,,,reverse_signal,0.29672,-0.11259418877538405,1.0
2026-03-14 21:00:00+00:00,TRX/USDT:USDT,trx_trend,entry,long,0.29696,235.55467853874242,0.07,0.07,,,,
2026-03-14 22:00:00+00:00,TRX/USDT:USDT,trx_trend,exit,long,0.29696,235.55467853874242,,,reverse_signal,0.29724,0.023945546401534984,1.0
2026-03-14 23:00:00+00:00,DOT/USDT:USDT,dot_trend,entry,short,1.407,8.286071336492572,-0.011666666666666665,0.011666666666666665,,,,
2026-03-15 00:00:00+00:00,TRX/USDT:USDT,trx_trend,entry,long,0.29765,195.84201524059893,0.05833333333333334,0.05833333333333334,,,,
2026-03-15 01:00:00+00:00,TRX/USDT:USDT,trx_trend,exit,long,0.29765,195.84201524059893,,,reverse_signal,0.29763,-0.038889915702451566,1.0
2026-03-15 02:00:00+00:00,DOT/USDT:USDT,dot_trend,exit,short,1.407,8.286071336492572,,,sl,1.4261133551811933,-0.16546475070806113,3.0
2026-03-15 03:00:00+00:00,TRX/USDT:USDT,trx_trend,entry,long,0.29698,235.4896965577705,0.07,0.07,,,,
2026-03-15 04:00:00+00:00,TRX/USDT:USDT,trx_trend,exit,long,0.29698,235.4896965577705,,,reverse_signal,0.29685,-0.07255673040641913,1.0
2026-03-15 06:00:00+00:00,TRX/USDT:USDT,trx_trend,entry,long,0.29613,236.14517952378029,0.07,0.07,,,,
2026-03-15 07:00:00+00:00,TRX/USDT:USDT,trx_trend,exit,long,0.29613,236.14517952378029,,,reverse_signal,0.2961,-0.04903790797991529,1.0
2026-03-15 09:00:00+00:00,TRX/USDT:USDT,trx_trend,entry,long,0.29671,235.6687012349105,0.07,0.07,,,,
2026-03-15 10:00:00+00:00,TRX/USDT:USDT,trx_trend,exit,long,0.29671,235.6687012349105,,,target_flatten,0.29697,0.019281941797646855,1.0
2026-03-15 16:00:00+00:00,TRX/USDT:USDT,trx_trend,entry,long,0.29861,234.17042672948432,0.07,0.07,,,,
2026-03-15 17:00:00+00:00,TRX/USDT:USDT,trx_trend,exit,long,0.29861,234.17042672948432,,,reverse_signal,0.29832,-0.10982405677271723,1.0
2026-03-15 19:00:00+00:00,TRX/USDT:USDT,trx_trend,entry,long,0.29825,234.42402173640056,0.07,0.07,,,,
2026-03-15 20:00:00+00:00,TRX/USDT:USDT,trx_trend,exit,long,0.29825,234.42402173640056,,,reverse_signal,0.29871,0.06582017027900686,1.0
2026-03-15 22:00:00+00:00,TRX/USDT:USDT,trx_trend,entry,long,0.29811,234.54628512058716,0.07,0.07,,,,
2026-03-15 23:00:00+00:00,TRX/USDT:USDT,trx_trend,exit,long,0.29811,234.54628512058716,,,reverse_signal,0.29835,0.014304977929508828,1.0
2026-03-16 01:00:00+00:00,TRX/USDT:USDT,trx_trend,entry,long,0.29774,234.8378300445036,0.07,0.07,,,,
2026-03-16 02:00:00+00:00,TRX/USDT:USDT,trx_trend,exit,long,0.29774,234.8378300445036,,,target_flatten,0.29778,-0.03256449221661486,1.0
2026-03-17 14:00:00+00:00,TRX/USDT:USDT,trx_trend,entry,long,0.3024,231.20819151580062,0.07,0.07,,,,
2026-03-17 15:00:00+00:00,TRX/USDT:USDT,trx_trend,exit,long,0.3024,231.20819151580062,,,reverse_signal,0.30465,0.4779558855833722,1.0
2026-03-17 17:00:00+00:00,TRX/USDT:USDT,trx_trend,entry,long,0.30412,230.00734967568502,0.07,0.07,,,,
2026-03-17 18:00:00+00:00,TRX/USDT:USDT,trx_trend,exit,long,0.30412,230.00734967568502,,,sl,0.30424845306237275,-0.01244247976500117,1.0
2026-03-17 20:00:00+00:00,TRX/USDT:USDT,trx_trend,entry,long,0.30588,228.67786358079385,0.07,0.07,,,,
2026-03-17 21:00:00+00:00,TRX/USDT:USDT,trx_trend,exit,long,0.30588,228.67786358079385,,,reverse_signal,0.306,-0.014543912123736433,1.0
2026-03-17 23:00:00+00:00,TRX/USDT:USDT,trx_trend,entry,long,0.30612,228.49205398685413,0.07,0.07,,,,
2026-03-18 00:00:00+00:00,TRX/USDT:USDT,trx_trend,exit,long,0.30612,228.49205398685413,,,reverse_signal,0.3067,0.09047828353770751,1.0
2026-03-18 02:00:00+00:00,TRX/USDT:USDT,trx_trend,entry,long,0.30911,226.299187352326,0.07,0.07,,,,
2026-03-18 03:00:00+00:00,TRX/USDT:USDT,trx_trend,exit,long,0.30911,226.299187352326,,,sl,0.3070032663198987,-0.5184368735843166,1.0
2026-03-18 05:00:00+00:00,TRX/USDT:USDT,trx_trend,entry,long,0.30441,229.6707463701631,0.07,0.07,,,,
2026-03-18 06:00:00+00:00,TRX/USDT:USDT,trx_trend,exit,long,0.30441,229.6707463701631,,,reverse_signal,0.30298,-0.3701805529504694,1.0
2026-03-18 08:00:00+00:00,TRX/USDT:USDT,trx_trend,entry,long,0.30167,231.66765162869422,0.07,0.07,,,,
2026-03-18 09:00:00+00:00,TRX/USDT:USDT,trx_trend,exit,long,0.30167,231.66765162869422,,,reverse_signal,0.30263,0.1803351967161152,1.0
2026-03-18 11:00:00+00:00,TRX/USDT:USDT,trx_trend,entry,long,0.3036,230.23328560629702,0.07,0.07,,,,
2026-03-18 12:00:00+00:00,TRX/USDT:USDT,trx_trend,exit,long,0.3036,230.23328560629702,,,sl,0.30124149167677006,-0.5846206114208347,1.0
2026-03-19 04:00:00+00:00,BTC/USDT:USDT,btc_trend,entry,short,71180.0,0.0008178435361491428,-0.05833333333333334,0.05833333333333334,,,,
2026-03-19 04:00:00+00:00,LINK/USDT:USDT,link_trend,entry,short,9.248,1.258940824795893,-0.011666666666666665,0.011666666666666665,,,,
2026-03-19 07:00:00+00:00,BTC/USDT:USDT,btc_trend,exit,short,71180.0,0.0008178435361491428,,,tp,69851.14630032575,1.0525180236698601,3.0
2026-03-19 09:00:00+00:00,BTC/USDT:USDT,btc_trend,entry,short,69957.4,0.0009996029262143097,-0.07,0.07,,,,
2026-03-19 12:00:00+00:00,LINK/USDT:USDT,link_trend,exit,short,9.248,1.258940824795893,,,tp,9.044010174800635,0.24997959460910282,8.0
2026-03-19 13:00:00+00:00,BTC/USDT:USDT,btc_trend,exit,short,69957.4,0.0009996029262143097,,,sl,69902.40590420092,0.013047469390511254,4.0
2026-03-19 14:00:00+00:00,LINK/USDT:USDT,link_trend,entry,short,8.988,1.111753045809022,-0.006058218344184647,0.01,,,,
2026-03-19 14:00:00+00:00,BNB/USDT:USDT,bnb_trend,entry,short,641.01,0.01558854993035793,-0.005608448322482016,0.01,,,,
2026-03-19 15:00:00+00:00,BTC/USDT:USDT,btc_trend,entry,short,69450.1,0.0008392929460886508,-0.05833333333333334,0.05833333333333334,,,,
2026-03-19 19:00:00+00:00,BTC/USDT:USDT,btc_trend,exit,short,69450.1,0.0008392929460886508,,,sl,70406.34127386435,-0.8380214832678109,4.0
2026-03-19 21:00:00+00:00,BTC/USDT:USDT,btc_trend,entry,short,70444.3,0.0008267441710761369,-0.05833333333333334,0.05833333333333334,,,,
2026-03-20 01:00:00+00:00,LINK/USDT:USDT,link_trend,exit,short,8.988,1.111753045809022,,,sl,9.111858643825355,-0.14377830648276674,11.0
2026-03-20 08:00:00+00:00,BTC/USDT:USDT,btc_trend,exit,short,70444.3,0.0008267441710761369,,,sl,71259.02020571679,-0.7089129688893101,11.0
2026-03-20 08:00:00+00:00,BNB/USDT:USDT,bnb_trend,exit,short,641.01,0.01558854993035793,,,sl,646.7895188552553,-0.09614382467405726,18.0
2026-03-20 10:00:00+00:00,BTC/USDT:USDT,btc_trend,entry,short,70544.9,0.0008247709790010981,-0.05833333333333334,0.05833333333333334,,,,
2026-03-20 10:00:00+00:00,BNB/USDT:USDT,bnb_trend,entry,short,641.57,0.018137602266428226,-0.011666666666666665,0.011666666666666665,,,,
2026-03-20 14:00:00+00:00,BNB/USDT:USDT,bnb_trend,exit,short,641.57,0.018137602266428226,,,sl,641.172105854852,0.00023925096464131029,4.0
2026-03-20 16:00:00+00:00,BNB/USDT:USDT,bnb_trend,entry,short,640.17,0.10906337809085224,-0.07,0.07,,,,
2026-03-20 20:00:00+00:00,TRX/USDT:USDT,trx_trend,entry,long,0.30975,225.40153441479367,0.07,0.07,,,,
2026-03-20 21:00:00+00:00,BTC/USDT:USDT,btc_trend,exit,short,70544.9,0.0008247709790010981,,,sl,70488.67298280825,0.011492204920838182,11.0
2026-03-20 21:00:00+00:00,TRX/USDT:USDT,trx_trend,exit,long,0.30975,225.40153441479367,,,reverse_signal,0.30981,-0.02837489756135221,1.0
2026-03-20 23:00:00+00:00,TRX/USDT:USDT,trx_trend,entry,long,0.31037,37.49071862762913,0.011666666666666665,0.011666666666666665,,,,
2026-03-21 00:00:00+00:00,TRX/USDT:USDT,trx_trend,exit,long,0.31037,37.49071862762913,,,sl,0.30814981855982454,-0.09016785256157062,1.0
2026-03-21 02:00:00+00:00,TRX/USDT:USDT,trx_trend,entry,long,0.30826,226.46302273776504,0.07,0.07,,,,
2026-03-21 03:00:00+00:00,TRX/USDT:USDT,trx_trend,exit,long,0.30826,226.46302273776504,,,reverse_signal,0.308,-0.10073075251375391,1.0
2026-03-21 05:00:00+00:00,TRX/USDT:USDT,trx_trend,entry,long,0.30888,225.98246213282843,0.07,0.07,,,,
2026-03-21 06:00:00+00:00,TRX/USDT:USDT,trx_trend,exit,long,0.30888,225.98246213282843,,,tp,0.3123537536564791,0.7426555219494332,1.0
2026-03-21 08:00:00+00:00,TRX/USDT:USDT,trx_trend,entry,long,0.30911,225.97933282534973,0.07,0.07,,,,
2026-03-21 09:00:00+00:00,BNB/USDT:USDT,bnb_trend,exit,short,640.17,0.10906337809085224,,,sl,644.2194261207832,-0.483800540168642,17.0
2026-03-21 09:00:00+00:00,TRX/USDT:USDT,trx_trend,exit,long,0.30911,225.97933282534973,,,reverse_signal,0.30896,-0.07578804472563075,1.0
2026-03-21 11:00:00+00:00,TRX/USDT:USDT,trx_trend,entry,long,0.30962,225.47743180059192,0.07,0.07,,,,
2026-03-21 12:00:00+00:00,TRX/USDT:USDT,trx_trend,exit,long,0.30962,225.47743180059192,,,reverse_signal,0.30987,0.014448142874912126,1.0
2026-03-21 14:00:00+00:00,BTC/USDT:USDT,btc_trend_loose,entry,short,70714.3,0.0008227043708696644,-0.05833333333333334,0.05833333333333334,,,,
2026-03-21 14:00:00+00:00,TRX/USDT:USDT,trx_trend,entry,long,0.30872,37.688704950599636,0.011666666666666665,0.011666666666666665,,,,
2026-03-21 15:00:00+00:00,TRX/USDT:USDT,trx_trend,exit,long,0.30872,37.688704950599636,,,reverse_signal,0.30812,-0.029580809231986638,1.0
2026-03-21 17:00:00+00:00,TRX/USDT:USDT,trx_trend,entry,long,0.30903,37.64969334360774,0.011666666666666665,0.011666666666666665,,,,
2026-03-21 18:00:00+00:00,TRX/USDT:USDT,trx_trend,exit,long,0.30903,37.64969334360774,,,reverse_signal,0.31148,0.08520547280223699,1.0
2026-03-21 20:00:00+00:00,TRX/USDT:USDT,trx_trend,entry,long,0.31032,37.49629946429518,0.011666666666666665,0.011666666666666665,,,,
2026-03-21 21:00:00+00:00,TRX/USDT:USDT,trx_trend,exit,long,0.31032,37.49629946429518,,,reverse_signal,0.31039,-0.0043583448719323415,1.0
2026-03-21 21:00:00+00:00,DOT/USDT:USDT,dot_trend,entry,short,1.499,7.762357339614892,-0.011666666666666665,0.011666666666666665,,,,
2026-03-21 23:00:00+00:00,TRX/USDT:USDT,trx_trend,entry,long,0.31195,186.50018435557308,0.05833333333333334,0.05833333333333334,,,,
2026-03-22 00:00:00+00:00,TRX/USDT:USDT,trx_trend,exit,long,0.31195,186.50018435557308,,,sl,0.31005110714445994,-0.3888386208149582,1.0
2026-03-22 01:00:00+00:00,DOT/USDT:USDT,dot_trend,exit,short,1.499,7.762357339614892,,,tp,1.4652025129179902,0.25552411662347646,4.0
2026-03-22 01:00:00+00:00,BNB/USDT:USDT,bnb_trend,entry,short,628.95,0.09248791967315459,-0.05833333333333334,0.05833333333333334,,,,
2026-03-22 02:00:00+00:00,XRP/USDT:USDT,xrp_trend,entry,short,1.4123,7.060774027193492,-0.0036369895767159547,0.01,,,,
2026-03-22 02:00:00+00:00,TRX/USDT:USDT,trx_trend,entry,long,0.31075,32.08981887286582,0.003905945840744932,0.01,,,,
2026-03-22 03:00:00+00:00,BTC/USDT:USDT,btc_trend_loose,exit,short,70714.3,0.0008227043708696644,,,sl,69472.79442366402,0.9870987211333498,13.0
2026-03-22 03:00:00+00:00,BNB/USDT:USDT,bnb_trend,exit,short,628.95,0.09248791967315459,,,sl,633.3669686369371,-0.44366351648323504,2.0
2026-03-22 03:00:00+00:00,XRP/USDT:USDT,xrp_trend,exit,short,1.4123,7.060774027193492,,,sl,1.424280406437264,-0.09062485586818268,1.0
2026-03-22 03:00:00+00:00,TRX/USDT:USDT,trx_trend,exit,long,0.31075,32.08981887286582,,,sl,0.3086253871706919,-0.0741206805317908,1.0
2026-03-22 05:00:00+00:00,BTC/USDT:USDT,btc_trend,entry,short,69203.2,0.0008408781093603316,-0.05833333333333334,0.05833333333333334,,,,
2026-03-22 05:00:00+00:00,BNB/USDT:USDT,bnb_trend,entry,short,633.73,0.015741028173971834,-0.006074815173941773,0.01,,,,
2026-03-22 05:00:00+00:00,XRP/USDT:USDT,xrp_trend,entry,short,1.4115,7.067333923887779,-0.005591851492724894,0.01,,,,
2026-03-22 08:00:00+00:00,LINK/USDT:USDT,link_trend,entry,short,8.889,1.3092708811900013,-0.011666666666666665,0.011666666666666665,,,,
2026-03-22 10:00:00+00:00,XRP/USDT:USDT,xrp_trend,exit,short,1.4115,7.067333923887779,,,tp,1.3924770707468421,0.12853673297836465,5.0
2026-03-22 12:00:00+00:00,AVAX/USDT:USDT,avax_trend,entry,short,9.056,1.1016766755295928,-0.005687925142566749,0.01,,,,
2026-03-22 13:00:00+00:00,BTC/USDT:USDT,btc_trend,exit,short,69203.2,0.0008408781093603316,,,sl,68594.27005771623,0.4774282065290174,8.0
2026-03-22 15:00:00+00:00,BTC/USDT:USDT,btc_trend,entry,short,68675.5,0.0001695674297108705,-0.011666666666666665,0.011666666666666665,,,,
2026-03-22 16:00:00+00:00,AAVE/USDT:USDT,aave_trend,entry,short,107.32,0.5425410383499587,-0.05833333333333334,0.05833333333333334,,,,
2026-03-22 17:00:00+00:00,TRX/USDT:USDT,trx_trend,entry,long,0.3169,31.496997667493925,0.002007862101476543,0.01,,,,
2026-03-22 17:00:00+00:00,DOT/USDT:USDT,dot_trend,entry,short,1.432,6.970236451139458,-0.0020434154041113046,0.01,,,,
2026-03-22 18:00:00+00:00,LINK/USDT:USDT,link_trend,exit,short,8.889,1.3092708811900013,,,tp,8.75871060560253,0.1637035953608743,10.0
2026-03-22 18:00:00+00:00,BNB/USDT:USDT,bnb_trend,exit,short,633.73,0.015741028173971834,,,tp,627.4633578232716,0.09271724002390322,13.0
2026-03-22 18:00:00+00:00,TRX/USDT:USDT,trx_trend,exit,long,0.3169,31.496997667493925,,,reverse_signal,0.31769,0.018878859443927174,1.0
2026-03-22 20:00:00+00:00,LINK/USDT:USDT,link_trend,entry,short,8.703,1.147203450789704,-0.00283342684068497,0.01,,,,
2026-03-22 20:00:00+00:00,TRX/USDT:USDT,trx_trend,entry,long,0.31775,31.421216881194432,0.002750169535205635,0.01,,,,
2026-03-22 21:00:00+00:00,BTC/USDT:USDT,btc_trend,exit,short,68675.5,0.0001695674297108705,,,tp,67759.40010041685,0.14844683294243388,6.0
2026-03-22 21:00:00+00:00,TRX/USDT:USDT,trx_trend,exit,long,0.31775,31.421216881194432,,,sl,0.3154755877345758,-0.07741237718690033,1.0
2026-03-22 21:00:00+00:00,AAVE/USDT:USDT,aave_trend,exit,short,107.32,0.5425410383499587,,,tp,105.07523028069394,1.18367511964404,5.0
2026-03-22 21:00:00+00:00,DOT/USDT:USDT,dot_trend,exit,short,1.432,6.970236451139458,,,tp,1.3995324933240134,0.2204531550708623,4.0
2026-03-22 21:00:00+00:00,AVAX/USDT:USDT,avax_trend,exit,short,9.056,1.1016766755295928,,,tp,8.879899536065569,0.1881361067465445,9.0
2026-03-22 23:00:00+00:00,BTC/USDT:USDT,btc_trend,entry,short,68301.5,0.0008541165858890192,-0.05833333333333334,0.05833333333333334,,,,
2026-03-22 23:00:00+00:00,AVAX/USDT:USDT,avax_trend,entry,short,9.041,1.106137375212962,-0.005941545014726583,0.01,,,,
2026-03-23 02:00:00+00:00,BTC/USDT:USDT,btc_trend,exit,short,68301.5,0.0008541165858890192,,,sl,68254.35423881047,0.005289670977633908,3.0
2026-03-23 03:00:00+00:00,AVAX/USDT:USDT,avax_trend,exit,short,9.041,1.106137375212962,,,sl,9.161500756310488,-0.1393707173362179,4.0
2026-03-23 04:00:00+00:00,BTC/USDT:USDT,btc_trend,entry,short,68045.1,0.0008572083121295717,-0.05833333333333334,0.05833333333333334,,,,
2026-03-23 05:00:00+00:00,BTC/USDT:USDT,btc_trend,exit,short,68045.1,0.0008572083121295717,,,sl,68775.0256778429,-0.6610710724905263,1.0
2026-03-23 07:00:00+00:00,BTC/USDT:USDT,btc_trend,entry,short,67845.3,0.0001718308632653912,-0.011666666666666665,0.011666666666666665,,,,
