sim_id,total_return_pct,sharpe_annual,max_drawdown_pct
0,65.00873685968476,3.7750202226283154,-6.123572713646763
1,86.78319715373301,4.183649091261311,-4.785045977364577
2,100.82446452690994,4.116976796533709,-5.529288555984624
3,65.32267258066125,5.151541096052177,-6.511404677879717
4,114.70072454552454,4.074904760733816,-6.157561584414639
5,108.28570941142108,5.536294117625321,-5.860012902390688
6,15.238196589325836,2.2593831852349595,-10.865677627511905
7,32.000218942949246,2.810099449831382,-11.73760595487192
8,62.74026605248921,4.715548163919485,-5.56389110770541
9,43.93848134105267,2.818620847556935,-11.564812241883704
10,64.14748401065451,2.996009092624954,-5.254631600936454
11,104.32442556223793,3.5871730322004,-9.826654700418247
12,107.62322191162536,4.841256222001585,-5.409580006157466
13,78.46464397551178,4.531885177132946,-4.905970426348238
14,100.59463615371018,5.308166413529814,-2.084974359099334
15,73.93916339447712,4.223780875531657,-6.4987011463128574
16,66.08843012811587,3.9629582630622777,-5.714903030089024
17,172.6696658823677,5.208497884799528,-5.517425448190472
18,47.522294214647665,2.98705865719723,-7.397151016844472
19,49.42054394794057,3.0809616308910392,-7.322707524514726
20,42.39101842988104,3.757924476839532,-5.3035326709673924
21,78.28097611364211,5.7292242279712475,-5.29710984645514
22,29.02188010651672,4.457737452065829,-5.654630852857445
23,250.7764533503141,5.627899296596067,-8.71671435944059
24,117.37510016083164,5.082278743222695,-6.314207712504782
25,33.830910393460336,2.044307917756401,-10.5999137051349
26,41.30609028222507,2.7074690354189603,-10.032287595490018
27,58.804303254159464,3.5234920332605553,-9.406401645376395
28,42.46720203219208,3.636242157773451,-5.303532670967359
29,70.00883063010683,3.204510693226899,-6.725634546314351
30,18.63224096983447,3.915050436498616,-5.303532670967348
31,35.082289851797825,2.790632167399221,-10.217536972956154
32,40.39340117341681,7.027679780835739,-2.123617717840587
33,73.46518252467182,3.2519688816316794,-10.948900254483828
34,59.4095111125315,2.7783264553117535,-7.927447795626364
35,117.98829989681914,4.58072571457222,-6.327594451735797
36,134.72244936809568,5.064565411235527,-3.356774198325463
37,75.05623084122435,3.303581869725739,-7.256726888314924
38,63.469214859961134,3.8977280043433717,-9.62805429010073
39,131.90892480897597,4.77502797895294,-7.101462280931658
40,82.50221355113334,3.93619334782447,-5.9014702727825945
41,37.528330884474514,6.1481938920133485,-2.405628367823942
42,81.43546422408387,4.660374210849987,-5.393553119949567
43,106.01000548060892,4.207160267131915,-4.670556255507641
44,190.54665671909805,4.800234128262294,-5.937189849081315
45,43.5249161969742,3.7536258406553618,-5.886995934641592
46,188.1163657744889,6.172635946254118,-4.223343011668346
47,73.37495033224131,5.541276814005299,-4.899781106777301
48,131.51260941697907,4.916407956373756,-2.2191712811683306
49,81.95551313077458,3.916671047782097,-6.208050455792746
50,37.90462401682531,3.6138220411053332,-2.4871346718386644
51,28.976138770484905,2.1014746864032743,-5.209029045853142
52,259.2251843270362,6.089237010211971,-6.043771430056455
53,89.16596502874576,3.455405812554407,-5.303532670967359
54,91.46310773893941,4.312811540519937,-5.726711511350546
55,51.75471070351587,4.431396671910834,-4.658010272830282
56,30.6518284781907,2.6865516604278854,-8.210549830926162
57,69.04892995793158,3.960659099835607,-6.677891882868114
58,34.92196934975742,5.078178836256139,-6.034988884877057
59,6.703915446036901,1.4048873717383608,-8.033155565250183
60,119.38661138873297,3.8340319688955877,-8.563612386765772
61,46.18679375746204,2.54817547260583,-8.029355722559528
62,179.02477883031656,5.2611812645255505,-13.398306758301793
63,129.2340674561936,4.8781850004097,-3.9004211712662107
64,77.31366697228181,3.082030412106724,-11.065018456452602
65,133.50954907973232,4.486754797512233,-3.027834830891185
66,24.18514259655078,1.8355886455733756,-9.967520380593575
67,73.70438783911241,3.7138183568458136,-6.355769652399978
68,67.70354967838381,4.011155664118636,-5.303532670967359
69,96.14284161237813,3.9790324381730606,-6.263375746811917
70,77.23114168675318,4.393539634920884,-2.929943660908152
71,130.41184116548646,4.894261656685493,-4.2289115217604145
72,95.0819969313953,3.3158373049707817,-12.170326506713513
73,92.80499725318569,3.3167842727963213,-6.348590082300587
74,58.69564096486155,4.66428602343616,-5.29710984645514
75,140.40538827080792,4.402361825671548,-10.050584641825077
76,35.58477047245168,2.4144091632789513,-9.363389554600953
77,72.70125694523743,3.254352101435298,-7.874545994169302
78,104.10407386617698,5.4310637985275445,-1.6550795312987976
79,123.40286968515039,3.909050907270865,-17.986317573845934
80,31.70477108184304,2.952604719422958,-6.992458903986254
81,48.954094129631386,3.049999594490085,-9.714284392038886
82,34.2724665118048,3.0517200096165125,-5.59615254141902
83,54.18307947351511,4.65169602344596,-3.814403201578054
84,21.490443844343176,2.095871451221899,-9.314597333634234
85,76.21459295758723,3.7432135564528375,-6.703387117800618
86,47.98560259600397,3.9891737652807997,-4.128481241690363
87,265.2023161722878,4.97754861832655,-7.959430109291931
88,96.07742336900198,4.5623619771879405,-6.505574435787931
89,76.69903826562638,3.3308395228680303,-6.126157787046848
90,46.623219480793246,3.0215302706742464,-5.30353267096737
91,102.06636916657787,4.109770277639576,-5.2906964165360115
92,68.09207198368583,3.067536480389474,-9.342687271770266
93,88.8119207878993,4.319935320639576,-5.554048313463356
94,73.83200458549406,3.712866033679009,-3.9909111569521927
95,69.45365689440965,3.543731097205736,-13.783501099640327
96,71.31316241904837,3.6190694367584446,-5.46459420679033
97,32.84885774320168,3.112606468175407,-3.122807467237476
98,183.60371868033351,5.349078186839989,-3.8452076311825456
99,330.2832269979749,6.15323467314819,-4.155419987834041
100,63.419340753732925,3.775016996108548,-6.1096312956068655
101,12.838317074158102,1.0962732700792197,-9.716499220294416
102,42.237440887645825,2.8732481891716755,-5.757764644668672
103,13.376384083888858,1.0913575482225788,-18.774406661611888
104,92.82414055835267,5.089447029707884,-8.403864514507987
105,33.35374228329724,2.872739582966893,-7.875910889080107
106,28.478442944747396,2.6908822209646606,-5.307789657022443
107,84.36495123936756,3.2622487241590545,-13.472147313593052
108,185.34720985388367,6.05760547515972,-5.303532670967359
109,62.841426804229464,3.741613308200827,-5.977557190588034
110,61.07546698470965,3.1973557127675103,-7.510000403103145
111,186.80606755011152,4.811419368990492,-7.218913573009999
112,27.610353313300973,2.5321104968144375,-11.440360396505401
113,125.87881073945009,3.9714015289873377,-5.4316602872875315
114,55.39875995530741,3.445548534289805,-11.23289035176005
115,197.558971473351,5.237863937432824,-7.488382091805457
116,56.01450030939959,2.8721152311080123,-11.113304190961049
117,4.732819859566129,0.8409441907878362,-11.072919851209118
118,150.48199859747785,4.8089868888574365,-4.218626150163141
119,44.62304339838632,2.908848672902389,-6.418801520776474
120,141.4713130203325,4.666709615672578,-2.8907792603174887
121,47.63283561866045,2.942618940255192,-11.40176590174644
122,72.7389882706791,3.5302543271493314,-11.09889472936999
123,50.62927421042116,7.851835553458975,-2.500675430975341
124,98.47423881829923,4.009383855890738,-5.7520449244044425
125,183.18282527716298,5.076876266542791,-5.569132840150004
126,18.087154876336275,1.7594955686611269,-9.825501246888757
127,111.38740715156446,4.026715989000736,-4.903246870804567
128,69.5197820995735,3.9818748285080194,-5.810166361920254
129,230.68583488015477,5.755744753773277,-1.4027833257573064
130,112.92085117031662,4.376738477427407,-4.650210465869387
131,103.34854229508035,4.690177879555457,-8.108438883441915
132,10.9840922876272,2.601870490137987,-3.984462093727037
133,201.4933266941958,4.954106564720751,-6.138786210406455
134,124.20089159117333,5.319255994399632,-2.6238422686384655
135,22.129301601331797,1.6786783211329614,-10.392343879921317
136,44.782208497526476,2.9999346788037027,-6.109794662049395
137,75.13380837787662,4.303959325136958,-5.570243465668135
138,59.48524209120476,3.4602188279047077,-11.151946490688447
139,117.07502679363806,3.750628333576301,-10.713822361818181
140,63.451125720048715,2.9230744819806618,-12.167959025911323
141,85.6430133121506,4.698034315970357,-11.08668008033382
142,57.1835732281357,3.133920881497807,-6.738720386346387
143,39.214208425376555,3.1856647193978174,-10.310289338031907
144,111.82147920067914,3.937368815846783,-11.296327042143407
145,67.89170258365287,5.234446359318658,-4.7262333994509405
146,22.384640905618202,5.422067422759252,-3.6800923910639716
147,24.43126270895459,5.0576191387391445,-3.924304404221557
148,87.56910599386309,4.07626816320623,-7.830954644791078
149,72.93202797690081,5.453449566896026,-5.303532670967359
150,257.75064371856575,4.922196936582829,-4.508792060430078
151,68.17128274513777,3.476086317108073,-11.25879776158224
152,78.8117749053982,4.579445383616234,-6.667052938376406
153,47.376733200545274,3.056101794862962,-5.7295177462874936
154,123.54379855191797,4.000680328847094,-7.81186860975529
155,56.402858826246046,3.5917121327036083,-3.7614814716907086
156,60.34062048652229,3.184570678929782,-6.79685340555144
157,131.78978407631755,4.875393119710684,-5.3745603163921185
158,141.57849668336183,5.106177936149537,-7.469477218708653
159,73.22261326477361,3.6932539782563487,-6.546874116278034
160,19.206030282802566,3.0465879677211034,-10.743512242695786
161,84.36227128318035,4.0814324634234085,-5.6542673991659465
162,26.547891077918063,2.5228595347945966,-6.322707424750806
163,63.19638421263549,3.344238092550294,-5.906250829617033
164,38.75998320388376,3.1559844558251533,-8.281032150260137
165,46.02314381600303,2.5022850531848144,-14.59557191848323
166,133.95281382713117,5.0184283371676095,-2.835893542372381
167,99.77404996688396,3.423406312722961,-15.464419552568575
168,79.48947864768854,4.39408591214672,-7.31816275565127
169,132.14296179985126,4.12091237118579,-2.695955812422579
170,32.081347999898504,2.2542010875430036,-8.24202852749022
171,110.61467536801052,4.008931164647607,-3.872755276620077
172,44.96511901326763,6.454949762959361,-6.14063784673371
173,15.707232236283586,2.9712529619566794,-6.5785038457175204
174,121.82317250023557,5.963957969385117,-5.303532670967348
175,69.81234995098202,3.5678634833694467,-5.438007455213079
176,165.28268687785692,5.161782676741735,-3.1402679478576556
177,106.68051978749045,4.552585868056283,-9.764685236089543
178,3.855852446150765,0.8683987945607109,-8.682220485571268
179,1.652607650758231,0.4515601207934345,-7.194458905405088
180,134.52642677905368,4.477996973790723,-6.267980986771537
181,204.59827832747038,5.034790962622095,-6.3902278547288915
182,123.53018774901719,4.267374374453994,-5.1353507263773635
183,81.47728370883004,3.9508955425454753,-3.978252562862694
184,152.59012676647862,4.844684645892714,-6.9980530563001135
185,83.26158587541588,3.523517300451104,-7.397286872261777
186,41.96062323911498,3.637834107165486,-7.490508242717997
187,152.60858448213298,5.38787141337202,-2.5254487990261087
188,52.98593891978183,3.507729481885437,-10.96694870033852
189,120.7789341411102,3.863665611799156,-7.003472258520094
190,112.17319115683341,4.436765286467207,-6.48021880539037
191,85.48012982398951,4.947704546137629,-4.63373848389711
192,80.68277666409271,3.4181385212875455,-13.446026414720214
193,147.74233838047465,5.828338408456106,-3.359909681452755
194,96.8544314895449,4.02927750694003,-4.023634989559555
195,58.48752573585876,4.47815324297665,-8.796540694286382
196,15.285704853227822,1.2360111520021853,-9.842806463845555
197,60.40805680197012,3.247946312755673,-4.891274724102379
198,19.48560668781212,2.9098020645013967,-8.027632314635625
199,52.623119261930306,4.060083341863794,-11.738810632186903
200,17.533999463503868,2.8839503432327227,-6.4298322017830145
201,88.71630272450122,3.7259883876966833,-6.791661414416328
202,13.664140595339713,2.6886640919630684,-6.168536593560248
203,96.4987734214469,3.6409163695996143,-8.106635031288722
204,59.1556879801236,3.748165592570303,-2.453327279915729
205,140.32956141693202,4.731371156331737,-2.7352423006003157
206,131.7388642252721,4.433023222602911,-6.865678548541842
207,206.40651854647598,5.081972879212189,-7.121010866100885
208,32.394121154480416,2.285082300831266,-10.43754029911048
209,-1.440222259438717,-0.2595567647713103,-11.26108392805204
210,110.23182069285475,3.6014622928064517,-11.315185045341103
211,95.13459119286658,4.35778403601611,-10.211008587894376
212,67.87998038574044,4.175461897422835,-5.286217101101043
213,123.25804043783765,4.203784240110506,-9.866444557796195
214,114.12042761949847,4.249642678039024,-7.822265537787587
215,56.362221297061474,3.5945481728813813,-7.449962537176413
216,35.77255283251639,2.954117460012842,-14.02806511570085
217,215.8311267914258,4.660144889694416,-6.553447719061111
218,181.41277017230055,4.990690192444749,-3.943086383254768
219,73.42868184934358,3.6242041566679,-7.788161501312906
220,15.187449794812524,2.698225593353865,-5.30353267096737
221,213.3046626096026,5.169523697176281,-1.786129997496011
222,47.78205982415275,4.242300065823428,-2.197835566223172
223,100.23930715899243,5.166562719220829,-4.186571836149355
224,22.53560686584588,2.3069508902817546,-7.639481314168927
225,78.25270543877134,5.776632018394919,-3.4214312353274434
226,57.320576834678086,3.665476027678419,-6.718530299527304
227,65.23472342345067,3.4031952848579627,-5.316030986453701
228,358.40639178722967,5.7653288635665705,-3.9222418256823266
229,29.76942132508029,5.383935697507336,-5.788638414123759
230,72.97247681503805,3.7430033967526866,-3.6400597289649506
231,169.8169005213758,4.8505246202935295,-3.5835507463955474
232,16.48650225735697,1.7204740895768824,-8.709446158532952
233,101.9983749512067,4.5761520370300355,-4.4920198090471875
234,92.20987193948189,5.19180554082894,-5.453354657260423
235,90.43439632308636,3.839381425796826,-7.5389578085951925
236,83.00289209615184,3.961995838220727,-6.865931839055072
237,25.15641937117479,1.8604992305723833,-11.23331125281105
238,138.09258578328513,4.573272257112498,-2.2628661384703985
239,188.27355671548372,5.4819895249559805,-5.081933201662414
240,10.388621116277719,1.778434381299041,-8.64153895114006
241,26.08624447149652,2.480886282449922,-9.519784246556917
242,76.28502744717855,4.310774784223579,-6.165106438258605
243,75.04882540536548,3.730692145624157,-5.634809293338572
244,42.94435877112694,2.205074845417772,-8.397402863307946
245,68.8046279891698,4.179448590890881,-5.540385879458398
246,86.85701918201703,3.675562807418337,-5.425038934398518
247,48.82057671528317,3.170345290806216,-6.101941999921856
248,101.27703059541292,4.066864200954852,-8.750340123255086
249,33.384767823825115,3.0600211769038923,-7.057599745112086
250,72.09273759376771,3.1784223637988847,-7.769340496559918
251,70.32872161188514,3.5951757662926505,-5.535703182560924
252,44.15403827720492,2.8633529615913385,-5.393391188070851
253,72.03073979807242,3.6392806613370876,-6.158741650923815
254,10.681184748574179,2.046349270906609,-8.144218871278742
255,132.03215884459948,4.4699441882449165,-6.7339177092390905
256,83.14334888959787,3.4928784065150906,-7.233989640210514
257,306.689061553723,5.898698069872364,-18.364471394178782
258,81.79779617038598,4.834702348255364,-2.2916878667070595
259,101.55292499745076,4.4429379247730765,-6.70651868051827
260,30.132578441953093,3.9986775857019845,-5.347465193291113
261,40.370498501138364,6.736820249322237,-6.014568579749824
262,82.93257210000604,6.224862620360163,-2.3644360911740936
263,84.6833837424348,3.999835707659634,-6.696307245873323
264,93.19469290494315,3.85769491330941,-9.254977872911773
265,37.59617263910988,3.5082605935735813,-4.433851595311422
266,53.205956662182444,3.4798789996624238,-5.848077067626778
267,46.6752022716727,4.138445046356627,-5.185318658476379
268,71.43791017561026,5.671540784589333,-3.7769818747125483
269,29.162018709046556,2.6403299087059064,-10.923628161744736
270,128.5774714979361,4.762911212006843,-2.258270079186764
271,96.2570205754522,4.027582457460623,-6.3965747881342905
272,27.13929586304551,2.606460461131636,-5.429543196482001
273,115.84899688051746,4.088589473018593,-6.999652875200313
274,43.15458975462392,3.4895800410045474,-6.840621128227841
275,58.531198403211235,3.534325477195598,-6.795630187854151
276,89.5635103299701,4.191012873804305,-8.962922772519843
277,175.36090100246383,4.550886738877643,-10.86736052854972
278,94.32156525292399,3.5740948024962425,-5.827413731769648
279,137.83458324315103,4.574050803129358,-6.260506486206385
280,22.79705148634863,4.177803074172698,-5.569596073352068
281,30.695374215587613,2.146807834065441,-9.290938681706773
282,69.2650428950238,4.121906534753607,-3.224575170715027
283,117.76012268193688,4.484110723385919,-6.613732786435045
284,205.97735224935226,5.2772316305228815,-5.689811815510238
285,132.84695062482967,4.541705013470809,-3.778515857198128
286,156.74023003719708,4.6180716704054205,-3.796976052172618
287,22.282113082483825,3.731587791575421,-11.077605806101376
288,151.88331881050226,4.876175248420794,-5.303532670967382
289,19.97561606286411,4.042945106224971,-4.617644624949513
290,65.06678795751242,5.067612062464679,-6.900007197076718
291,283.5702434691258,6.054510204213436,-2.276733317146862
292,138.70956477386213,5.621705341967754,-1.947829077229013
293,57.12858481576093,4.8271393038321095,-2.6705617852472274
294,119.89009514020412,5.048397582368349,-6.41411918430993
295,202.9020343940219,5.310310571420973,-5.571301777604464
296,99.65489466826281,4.082702871318984,-4.8407365647736516
297,-8.853591530120418,-1.6538688172966398,-11.497883517063535
298,7.409057611439063,1.6104342330744836,-9.85141463443231
299,125.73011728207275,4.349682889111073,-6.038967411078167
300,36.166193770870024,2.4908039794927332,-5.432778068759547
301,56.297010596289574,3.4509187716798264,-5.855995692535654
302,190.52271038080994,5.553509865010107,-6.110325199621657
303,110.54899916417851,3.9634928226339383,-9.483458545606393
304,95.89199851950593,3.9953989101670064,-5.233986122688162
305,93.06283557078734,3.580618389947014,-5.469036240295788
306,104.0402164943846,3.799077819184708,-8.650740713712878
307,119.47679708139685,3.8668155879635226,-5.30353267096737
308,69.11047085835908,3.5059800905350658,-6.893545241837417
309,147.67121353027463,4.745169946689559,-5.208159150937242
310,59.33849833356935,3.147946706198565,-9.335152059344676
311,94.40902334516032,4.246740880634572,-12.90298046746221
312,32.47625002941279,4.378565190518405,-10.946930106110031
313,74.55262976311164,3.752676156714519,-5.303532670967359
314,77.83260390161682,4.347837952852346,-7.554539980068798
315,169.73446699164265,5.70441306872207,-1.9562827585078324
316,55.7162025039641,2.9332950994720095,-8.47599671291488
317,33.372215200912,2.9995628805929946,-12.388948440810621
318,225.4147405257247,5.041074186421936,-7.096055575731885
319,36.05889817416559,3.3423054084942065,-4.623290305345485
320,30.71410009663338,2.1240456717579566,-15.641728494566198
321,58.154870555686514,3.043644523613434,-10.808584795199817
322,63.23081399354806,3.3758610594835585,-3.8495200366047477
323,113.47823152887662,4.988399130559234,-2.4860971553826605
324,50.18095070187567,4.046058138020419,-5.96688719631212
325,27.517056496694003,2.386261230590093,-6.867084093807563
326,166.05537324381547,4.765587972378372,-5.670172851076105
327,148.68100502900484,5.16021807850262,-6.791870978428793
328,215.6006834670686,5.583269154426711,-1.986015914690853
329,34.45590485476584,2.9445564571551723,-8.399518251459337
330,32.67503029328329,2.8624175269861856,-8.670534134156483
331,114.52133129386937,4.9617501231717345,-5.99593918712843
332,35.68486076427697,3.288797255469229,-9.155506019658022
333,107.50313524035863,4.2992822928878915,-9.337319793076404
334,47.56181921152467,5.491991910820602,-8.346601032707879
335,125.38918542867017,4.668476540071867,-5.303532670967359
336,25.304032608554095,1.8455481425220117,-5.303532670967359
337,123.25748107267125,4.273070327871015,-4.8233004212527515
338,26.798608182841388,4.076693131740438,-7.148322057272782
339,99.8006308487889,4.010521881203896,-5.948320562661891
340,66.39119597832104,3.4489762234922274,-8.601407271458916
341,84.8247475344389,3.9984311447387033,-7.508819908459552
342,85.52192602165245,4.0665930872650655,-3.8197356924221326
343,54.278577899271326,2.9007986937518138,-16.116985039199406
344,49.903339847294426,3.210564362146389,-6.748469827829783
345,135.6985179333466,4.502478598046593,-5.505904729234434
346,93.7612183754669,4.4670047802688995,-7.760991158312558
347,53.185204630466764,2.566453587740486,-9.457590433724572
348,203.36498576497863,5.384168123915138,-5.478695672901801
349,31.380985381279626,2.25073336628718,-7.908236376530531
350,246.05733393560718,5.583273370187513,-3.24188404099498
351,135.34362857449716,4.532858714795878,-2.433770678921021
352,95.27517191571265,3.8259055295731685,-7.283170053708011
353,15.89636398476111,3.386024155892741,-6.666227244723211
354,55.818374925317,4.459554199985801,-5.297109846455128
355,53.11664943063026,3.327134140408043,-5.29710984645515
356,58.54985034724525,4.731489650143917,-4.174168173726711
357,162.88200337575117,4.754549897567256,-2.8348269574796303
358,189.31849641610987,4.804288727601246,-3.6500188868657246
359,112.99339411972849,4.430266119283129,-5.6555962706109515
360,60.14379396328828,3.5972505990779102,-6.158729206167147
361,98.19956485139572,4.535963558353037,-5.957907007335006
362,53.8417839446913,4.586450862590381,-4.248034146318835
363,152.22798458992744,4.225952510947398,-5.753417454954257
364,19.032654334454556,2.661076486160814,-13.129859286358037
365,132.74122182304671,5.627764528214649,-5.616020592201121
366,81.71076728507767,4.497444701856045,-6.060740248518293
367,65.82544655236688,3.8454561033640644,-5.535361247824467
368,38.68729239919164,2.555193492168809,-10.197519856052784
369,74.95303936064587,3.32108491136231,-5.303532670967359
370,323.62499993786236,5.765432871106039,-7.026720345541304
371,102.30527019789628,3.754624092370957,-7.892668277439697
372,67.49689473562776,4.003457572383427,-10.09046587326865
373,54.4318570967065,2.9223118249436575,-10.113665108025794
374,40.36421452602597,3.6478619193487254,-5.628763789432922
375,87.64316779250134,4.162995967937834,-6.786064114709289
376,82.83540601145339,3.5538604707494894,-5.322386548296121
377,116.18809773549246,4.0897633947732634,-8.352137357626944
378,24.652502994467064,2.39193998946689,-9.941535057167538
379,125.6660557012311,3.9255548731946375,-10.11325482156613
380,48.49987951967694,3.1832541327468338,-8.290430821134942
381,104.75048792069721,4.302294594125315,-2.653966968184851
382,29.440558775249738,2.137977205046009,-7.741974045151013
383,57.93975875005077,4.625250209562765,-2.8783915210562783
384,20.688059117116286,4.271293350364034,-2.688781562016318
385,37.88349929594581,3.313248026103793,-8.776248968387268
386,252.91828391653007,5.080976884399638,-5.02484823058742
387,106.24469555379088,5.693255116415661,-3.508173450352692
388,71.68927885190834,3.1441477794227164,-6.869466598534646
389,86.46550920923988,4.120611869205716,-5.6881376838631486
390,75.6288843074425,3.3691175044003985,-4.793443391711605
391,74.47201755208448,4.335432418350498,-3.837655138591911
392,106.27213567667422,3.911056190567089,-5.376137892917465
393,57.10952722468014,4.868750991737273,-4.482882370044261
394,57.721872345077884,3.5276443833450783,-5.740523132214792
395,231.4140997751943,5.450518697843033,-2.4580384260372012
396,319.4464880593679,5.774318745043178,-3.7132935941727285
397,104.16120767906185,4.1885919816566,-2.765564714180846
398,52.56015306574622,4.333685926160453,-6.122224226989981
399,195.02121080767995,4.90324490776399,-4.024701447270207
400,14.942700193462265,2.881787731313891,-7.070013377068973
401,132.50407319463346,4.449770725856933,-5.794162118560031
402,61.74438967683451,3.829235794838246,-2.6489596971889795
403,119.5105436540858,5.20477740847503,-6.494136483923684
404,93.60843140175699,3.8625057481610043,-5.30353267096737
405,71.1076963756833,4.242606899419643,-2.6816052705693094
406,85.27391579655558,3.608544107615158,-6.566431359261338
407,46.635888414600316,3.0259330449065054,-6.572336862049699
408,82.80631018103915,4.3702008136325325,-5.667225682879284
409,51.927172073981566,3.355169010891937,-5.6387433041459545
410,142.2274291251304,4.282937193536204,-7.911544776103252
411,47.97247830479632,3.060387468290558,-6.09664510559268
412,41.50427527391785,3.552762968723734,-7.137204906357009
413,190.7639883161076,4.876082082614121,-5.46620253034884
414,86.40723772474013,4.075006180366883,-6.746138809243362
415,63.11489378631319,3.8907282115787103,-6.474987534627474
416,41.55990278982329,2.4056169779118717,-7.9849209459116555
417,72.71024754669142,2.952879999307618,-12.707712873941334
418,140.43515553492608,4.275670421594559,-5.798560372320338
419,95.67361888783627,3.6277462807140615,-6.337245626705556
420,222.50017792730316,5.61070211590399,-5.474326983369626
421,156.45969704344068,4.904854380937319,-7.088750674614753
422,124.44338610487011,4.260970271055662,-8.792970973312453
423,32.87105791538458,2.711354450017525,-10.079025541862007
424,68.41287600730924,4.0585703960447415,-4.8009112060948045
425,58.781510087701626,3.1405930470761976,-6.529533914725693
426,61.18193832100771,2.851151782215805,-7.569267372968868
427,80.63168782021135,3.766495855338147,-7.996238649930465
428,53.78024029645461,4.738334471499643,-2.6494063327315187
429,29.778289082990096,4.638818675765361,-5.486896085014948
430,40.348790107271014,2.7191584199319383,-10.055082274344663
431,22.024881039790188,6.036826215160173,-3.0774231515717787
432,78.34676235531617,3.737251290940731,-7.272190998814243
433,41.64892376709026,2.7719927380802223,-6.00949189889981
434,84.2090912411595,3.6281207417583072,-7.047820527411741
435,29.37074400443478,2.1479242352970402,-5.776232477111032
436,171.69901728275426,5.801256614602867,-5.784882010189197
437,85.35546295506758,4.652003602307765,-8.396095977451912
438,86.56398930089722,4.104418950671909,-11.09035313778115
439,61.585705569216145,3.5868669609973507,-6.948518416223914
440,70.23935039924638,4.148605267520969,-4.225996709493551
441,40.46629411117144,2.6507371747445405,-14.06600194197093
442,31.107383746676255,6.730715465181023,-3.1391780049001894
443,80.21040099689387,4.691448688995962,-3.2117590681235875
444,74.57838316153851,3.6571754511359083,-7.111695534157292
445,29.797241101064166,2.9478833259219868,-3.927704049997549
446,87.486574620749,4.8928914152258,-8.813169364577556
447,125.75573271226341,4.760340773131701,-6.460226210172193
448,58.67088564532341,3.7260013188910768,-1.5382511967822143
449,48.21498634469161,2.6220918210293958,-14.250787754569771
450,42.96803430318945,2.8802369750502055,-4.418878853350705
451,5.880063773353439,1.7534424587034303,-4.414394320750081
452,86.50122345247662,4.1260266987145675,-5.381690673547879
453,84.77898740916876,4.027011989146245,-5.8485477307463345
454,81.87866216943054,3.9776435363453975,-6.333634461133208
455,36.07087896220917,3.264128762256007,-6.78288581571479
456,24.810681777078546,2.6068002850774574,-5.311327292796275
457,7.127976437322281,1.6674847190534514,-6.774390790228413
458,44.61551390432583,3.0085236974333625,-3.980931809980881
459,171.51450228547512,4.818592995173768,-2.078320878233353
460,72.95447137511898,3.673903831386997,-10.251283499162112
461,80.90256831193958,3.4940413763946214,-11.00936791774787
462,48.31365060447206,3.096859958208577,-7.297400776485919
463,61.847694666942196,3.715783176226073,-5.506445340462774
464,272.39899597627016,5.566194254392749,-5.30353267096737
465,217.89929638343386,4.681433653919968,-7.915118232314356
466,84.87029722879369,4.072268050982566,-7.676258671503378
467,110.62206156207392,3.999227226453358,-2.52086557713187
468,79.56304587662531,3.404574444589219,-9.145475328176955
469,113.29583269441761,4.3944793138225595,-6.316586520088762
470,79.92935029185315,3.9375295073372016,-4.813021604576884
471,156.37686376756844,4.882960310222534,-5.547877208895646
472,40.58074818531725,3.4801683154376444,-6.5738392180601295
473,36.13263266342659,3.1059198890815765,-7.0938007699953065
474,351.15602345576144,5.963564379382475,-2.011950794415418
475,70.05205516895887,3.589761057019073,-5.696216441204671
476,119.7807747054092,3.8710622940685018,-8.380772411855853
477,68.78795772909537,3.5071857739932257,-5.021629172583442
478,42.14837788683512,3.910050680236731,-2.9930614993482263
479,-7.629831036612211,-1.1434933514199073,-13.235872874356513
480,65.03267847227141,4.938898985434105,-5.925108643881261
481,169.25774851766135,4.226796939280998,-6.594871521773671
482,45.726258696885225,3.838988643172764,-11.739449530229463
483,73.73596670427776,3.274688795356557,-6.81872707126151
484,117.92865225641407,4.643715359651984,-2.217362065956685
485,176.21366160072145,5.320453173947632,-5.303532670967382
486,123.65463669358734,3.8828723942316876,-6.628234447305603
487,24.02479366606225,1.788073579681019,-9.66846662562142
488,52.40201676571705,3.32628896930803,-5.571797882161544
489,20.13061985018578,3.6433829934782147,-5.462931821417483
490,90.88371220511095,3.8033191284798322,-1.6553636452262044
491,40.23821758682242,3.4995213701150405,-7.969468984475226
492,49.22704824767723,2.7709911718750404,-6.179165945175935
493,197.5768252344554,5.152607596211351,-6.449686042392322
494,72.02813480552737,4.408432521817853,-6.504848038689282
495,88.1315813247095,3.4239837736050145,-11.147396907863405
496,33.100640512025436,2.326766555934382,-7.938098170483688
497,99.31559865117347,4.030806215695048,-4.634650530466233
498,101.40404012468326,4.747012535065373,-6.588823941337729
499,31.848491598768412,2.152256453555306,-7.722844373736004
500,52.33878053415848,4.079618547204111,-7.369397735431338
501,202.2409151724142,5.765915752460331,-2.0354743250119434
502,96.4504055317678,3.958558673027918,-3.9503548205556793
503,53.068840652508584,4.183185401232417,-7.968059404358074
504,25.422357083116797,2.5183865414920494,-6.636129557225012
505,52.62229045908051,4.49617467103946,-2.8195998219994967
506,92.45527791667267,3.845966521581047,-10.315222096082143
507,301.05382561615323,5.125237072248758,-4.297541051396092
508,116.89377920515658,4.094801190981007,-5.30353267096737
509,118.46255178462397,4.513961803678294,-10.39938422087474
510,36.07985379199876,3.0964874323761546,-10.776511466568595
511,140.99604129065,3.828770672719648,-9.287553827831873
512,35.21593934328327,3.365472606308225,-2.3603720083114843
513,37.256234264815504,5.522319087517398,-5.305361953644305
514,55.75570054239576,3.036427826296999,-5.561683090983848
515,39.1714923795389,2.657210724625969,-6.20142291987853
516,97.12339364461711,3.873426227680089,-7.671422142732521
517,125.15766760511009,4.040182808842001,-4.885103016771253
518,33.013334312603874,2.8295518710993615,-10.31964336909914
519,131.24862693686796,4.119578768690079,-2.1865338991365113
520,39.27652333047562,2.732429987939735,-3.403755540441511
521,135.7215551919952,4.899515799475099,-6.075906457007296
522,162.3026765658714,6.389352814444977,-2.379763415153846
523,100.79268185374409,4.468553937743384,-5.768191781225607
524,30.05501217542099,4.544388662592201,-5.675952428755426
525,22.9167016849972,2.173338545903287,-7.739789555631615
526,82.68646881643437,4.693998292061909,-7.984531302631126
527,56.92254984140064,3.561005633664434,-5.479530159769041
528,121.9145968643061,4.632484210453344,-5.512466378039161
529,6.70032233628175,1.3140067848911456,-8.649787688605414
530,34.182186962668794,2.309258522649765,-10.840682672415724
531,58.763862365281305,3.698296783165447,-2.5653163947256252
532,26.15195749456518,2.3671730241265765,-13.298367832977743
533,95.71345974474342,3.933356816326631,-7.5237205117182455
534,130.14323360009539,5.522588985715437,-4.236675579072092
535,45.895753707046396,3.0113785747599144,-5.408271655355501
536,87.26309560520748,3.6181962027752483,-6.7186942645660945
537,73.57249874038445,4.421158973641936,-4.81897327079982
538,8.078516182584172,1.5467796852035562,-7.348200320830012
539,62.031524079370335,3.772887164677717,-5.966496793369758
540,37.179089808932474,3.379131034634613,-5.898982937548958
541,131.82772895192934,4.417396509784502,-8.79901863820991
542,122.013150939501,4.2829049875691165,-3.00466805275289
543,141.62284331462064,5.118900918606888,-5.345935833055782
544,109.69102150850856,4.317998357029737,-5.778103858182182
545,96.83219619805175,5.229875249628992,-5.30353267096737
546,193.64451690915422,5.208770044994614,-2.7374707302604606
547,330.646529394354,5.581740003158192,-7.382245863215909
548,-1.5139353117011756,-0.14008981359735234,-9.140896677807387
549,107.21343135128092,6.95755327433843,-4.5781560071200715
550,115.42037156235945,4.921718006813245,-5.592154992916399
551,186.3200748290036,4.795766693571787,-2.0033723913490786
552,93.59001657347767,3.8831619030611284,-5.920889808686381
553,22.886321982929747,2.126967215744651,-12.558687439996508
554,10.544601451682457,2.186244188910614,-8.220886910061454
555,134.8450556310425,4.888502699164694,-5.604422337023729
556,165.19680641521535,5.446939811701005,-5.814105108840872
557,184.15040022592098,5.293610579189918,-5.752376478563582
558,95.64953201465718,3.625146943805108,-5.5014103031344135
559,25.86359363978792,5.205422893534404,-4.387068111335369
560,22.712919975753753,6.959007034699311,-2.2106802800215597
561,109.81619156073764,4.889166696649169,-3.8633544988330604
562,54.97403741863949,3.3079814624252712,-6.630460633870183
563,30.824074414359902,2.786179700423045,-6.758687703945155
564,17.587055774016648,4.284793138123397,-5.8709133492680365
565,76.10652388279537,4.3193361306126805,-9.041604016381111
566,61.119316019534864,2.8064383880070602,-10.22357286425497
567,61.72194413897285,3.7382148158258732,-2.7464460272451197
568,98.88021163173242,4.440226986437934,-10.67052258178819
569,81.90830595793155,3.491802032317444,-8.190847410022496
570,147.60317244242208,4.756312941386527,-5.349815126111257
571,67.53314492229299,3.432482111403976,-6.917737067858043
572,104.03929900826574,3.746259113736638,-6.64561238054866
573,139.20813293962593,4.24327553477198,-5.303532670967359
574,39.91410257803805,2.6889825613274323,-5.508874160522059
575,115.35968070544791,4.54030262648263,-9.63525309810873
576,15.828487707790506,2.701323367157578,-5.97755530240569
577,107.5268239926082,4.277495472543728,-7.824551434913496
578,40.17604577798739,3.1765707398926093,-9.105445523677847
579,18.539927229610377,2.976341028412087,-8.159960845081649
580,18.585481613136512,3.639878643338139,-5.586165618572869
581,41.256917179103404,2.6389792982881266,-12.454069177426296
582,25.026088257683867,5.254882699090154,-3.3108668209198333
583,3.5963637315188146,0.6608830160241153,-8.567885045813718
584,94.20947520694884,4.214094800873665,-6.266601393905635
585,58.79725053698168,2.7162143947835715,-10.88384959981189
586,57.054851974047274,3.034903595922037,-8.6666996176341
587,84.99233386902125,3.2663536580042214,-12.870320555021397
588,56.9108971538091,3.0431733292297336,-6.041591453047324
589,4.5161924145276755,1.2277224147024668,-10.336921723211823
590,85.90469721379652,4.148918367437896,-4.0455277348897205
591,-0.6909792857975994,-0.048149938159667505,-10.19620497651762
592,58.519849038585626,3.7618851294918545,-6.970089014860781
593,64.4217665778672,4.8006444505013715,-6.402375491545187
594,181.65366224568547,5.5131281122905,-5.303532670967348
595,60.96364809135692,3.286455718045228,-3.9055235443304137
596,17.25056276625414,2.3629333904044816,-9.794587448296166
597,52.94865644210736,4.394362161152896,-5.440419904111316
598,163.1719562500785,5.634568363831085,-5.638770707592977
599,40.880064946744874,7.892043040930037,-2.8089545790019876
600,49.503652507099424,4.219371313405571,-4.6179233855353825
601,61.24671023183366,3.2169968102416666,-5.816790445161502
602,53.34864681939222,2.5982224805288263,-9.204764289713662
603,69.02228862020425,4.170099482326231,-2.066508262360056
604,84.64360571942768,4.095940786944326,-3.0108426183568016
605,95.12551814924828,4.009228479059276,-5.235523622722715
606,126.08630308662194,5.23393524697617,-7.589771563384639
607,69.27780428926053,3.1754479245201908,-6.470121929254102
608,107.29846246671868,3.6123507696754413,-6.183071020870701
609,43.8000527790255,2.899995210237725,-6.635478976685949
610,74.52224521330078,3.311853981486593,-4.42724076513632
611,11.767246862277148,1.8093160106527726,-9.243077085372498
612,56.17007678224253,4.804583902833989,-3.5774235531699006
613,52.7624328050659,3.2354216053871525,-8.670265493091357
614,69.36634161971567,4.240970882257453,-3.895089361241244
615,68.55337894830262,3.41772522117704,-8.579665339399922
616,99.98894498782676,4.614783703464665,-5.448537467164815
617,91.58956078518116,5.134303041298216,-3.0238190956677458
618,69.96031185696326,3.0183541064998862,-10.033878058660973
619,96.41122585783715,4.473562326464124,-2.1892050641598604
620,76.01770185860921,3.754462499005945,-4.481048953548261
621,213.19485093908975,4.855509329228181,-5.978375728976115
622,40.043592557584674,3.463190790399364,-6.0788217700675995
623,44.272297480046106,6.542292047683759,-5.303532670967348
624,76.57122898813664,3.1268240189574636,-5.846628359625905
625,169.4204668548212,4.490759368233743,-5.344757750315743
626,80.44298832130725,3.9982931306167515,-3.605528150113546
627,72.62161801534299,3.559588074466609,-9.944286392475588
628,115.77058054570158,4.760993234357181,-8.987617347948262
629,63.64944116631228,3.2022568137959735,-6.877364083919135
630,74.39954407307484,3.768535055890793,-5.597629418093685
631,63.217214822228485,3.757448265136258,-5.303532670967382
632,147.09243237791182,4.80318134269952,-5.6039746253745975
633,105.06187948844969,3.5184993028983644,-8.465289781036267
634,70.9628910167412,4.374343822543489,-5.160897105058837
635,156.57235385706213,4.918919638039952,-5.714153658838184
636,50.25923691168423,3.248558631364056,-6.862701803037108
637,9.021897298467696,2.4674862993223043,-4.225490367281792
638,302.9761177014548,6.6814812177606,-5.375503890540633
639,85.0168233409989,3.3080196588929023,-6.59534951868006
640,28.83519088510711,4.929839876981302,-5.113109620795308
641,45.28986173293661,2.872509658802263,-9.349084607585622
642,50.917873164487126,4.255591543632305,-6.712221753248038
643,94.68286601021903,5.113937403438336,-5.303532670967359
644,-7.245248921865633,-1.3863396792085052,-20.091802881899778
645,111.98203434462752,4.015785779357048,-6.403504909816005
646,226.34935861893544,5.055972262232269,-2.1717776765854735
647,91.8496329359782,3.239022823826298,-10.454004807942185
648,111.71356338189548,7.217600947686966,-2.5983950406157086
649,66.05608223195532,3.9536265994281097,-7.2953249688137545
650,35.29190352575098,3.1266166073490473,-5.877721863851237
651,65.17725621175589,3.3093171526071163,-15.13104606722554
652,127.98605421208129,4.841164492768678,-4.377154619091428
653,139.08453063391258,4.2836271656531855,-6.327032472029948
654,133.1940183844613,4.395738917632145,-7.224664780376955
655,25.16365356139496,2.545765473858767,-5.226602420012072
656,77.20185097065718,4.608901285513735,-5.666223083265054
657,180.5935696212679,4.934005612459177,-8.850249315927062
658,112.79005132312254,4.321072588849824,-5.30353267096737
659,155.39074010813061,4.241338281660911,-6.5619409561048725
660,52.18980202296455,2.4966132549477713,-10.191352062914694
661,93.0107720481204,3.5753860167597984,-8.841892217125281
662,104.08306379214758,5.375001268345894,-5.814066332854184
663,132.4589232789263,4.4254181005747535,-8.184179792934321
664,63.52316733147241,4.717291523204699,-6.81266944871215
665,141.73437431049837,5.176589876124257,-1.7953830593370967
666,78.89684417923748,3.78313394713853,-13.841749256415504
667,190.27370043586527,4.5526882685450625,-11.896984010665967
668,184.88064223921023,4.717748967453479,-5.8868182820358665
669,43.87783372636254,2.9424938220362087,-5.252439973468248
670,164.10968008302854,5.455183569916714,-9.338886128632783
671,203.4706428165366,4.9847984604877755,-5.915183543533519
672,103.10513876513872,4.813758147843039,-4.451193676207133
673,86.17935960236703,3.3791336525838247,-10.949758378405882
674,73.80243803899782,3.280740090025688,-5.539435174601348
675,-6.278966724567747,-1.0891481260844336,-13.66967872243523
676,47.76446425018466,7.206988868713004,-4.417087119583263
677,199.00668812467032,4.9755664202148315,-6.855496894781354
678,70.64265200722369,4.092651653346329,-6.459861566861669
679,75.01423100626926,2.8061427914007875,-13.893947055382306
680,53.62508781321043,3.418103532004199,-4.475421071269148
681,116.95172882422695,5.069311198548749,-3.7132935941727396
682,38.71154542259501,3.3440810220472974,-5.459124775211199
683,52.41560452677301,3.1947289543943533,-7.144719283819034
684,37.716799863325164,3.457705151391622,-5.82411031071739
685,113.12415317389366,4.0243255571327525,-5.29092777247101
686,146.50769547368432,4.422363181079499,-4.876542236871528
687,87.32169265430043,4.266390984445668,-2.058091211060009
688,135.686767532151,4.212518755024764,-5.557110357294681
689,120.13591287468573,5.920823352922731,-5.3886375446317025
690,118.08030801900138,5.055802099234015,-6.671827864480329
691,85.25272435503697,4.508058720913625,-8.581938479630102
692,150.86666077238257,4.239482652150052,-5.765645227099969
693,58.015182861765545,4.3094847642523035,-8.571220266722667
694,220.88206686049477,4.970692044506865,-6.152298379157162
695,97.3346366549355,3.977699469425724,-12.619868481163577
696,22.614324367158247,4.372063362103035,-5.947437826920421
697,125.8214467774252,4.237806732278254,-11.4871663071624
698,68.98648184359435,5.202373112698445,-5.303532670967348
699,100.54616143748936,3.754179388846541,-9.74383391135788
700,184.493453280687,4.258743306214572,-13.413260333819089
701,65.7913087161365,3.0493377424926216,-5.586718549411929
702,48.664193355348374,6.697288018325392,-6.20596477821902
703,227.1015104169002,4.596842866087136,-4.6745297247195445
704,-3.649371488687947,-0.7389241781787582,-13.020137011184474
705,12.27521485618206,3.8749811179244054,-2.848331792960357
706,104.09611093616888,4.246734659996043,-3.7450549813741074
707,260.696520611166,5.773799586245697,-3.828348299121931
708,124.83555918929494,4.695997138439761,-4.115042676731385
709,83.58026985369216,3.2480303350462636,-14.329038889021817
710,140.0239658220912,3.9999617203573985,-6.048776162421676
711,205.14067670749478,5.788278070573355,-5.29710984645514
712,68.5509976967611,4.038532986718948,-5.622821272025325
713,110.14496928881839,3.6677808129527736,-5.929849765726658
714,95.97691255822298,4.293523220532891,-6.278026686869254
715,66.14137914944422,3.7655707658533655,-6.927968146710006
716,129.46544698732328,4.424095895821715,-4.842593137309281
717,314.1341236416365,5.232999405758501,-3.754330589069488
718,49.6491785413794,2.7675596607403397,-5.6798658997311176
719,72.66017058127994,3.6378887437870517,-6.067739508860992
720,64.22520223887445,3.777073180634188,-6.1994909901166295
721,178.7630799213834,4.364414265698609,-9.841051182015015
722,273.16693089986245,5.910909318821726,-2.7288966828360683
723,82.53310698146127,4.892608279456373,-2.6079412261005186
724,50.261862886186684,2.7465888435111734,-6.094052842405184
725,12.420075594570058,2.178370946424363,-6.093365125101702
726,80.99933018224463,3.2369558792700346,-6.292091620164331
727,126.62037358829453,4.282743732484292,-8.234722459405008
728,130.01246880444972,4.959971841807793,-5.393222391195673
729,92.49205660466677,5.025782218342341,-4.2927341816987985
730,117.89882012944082,4.1603236858036015,-4.679589214605162
731,60.652556032900605,5.112702997957867,-1.674399505715407
732,51.07693214439253,3.321744144709658,-3.0727973070016623
733,125.54993316350598,5.270929499042207,-5.926454073734533
734,32.895276278471286,3.133497352722514,-4.67140598941479
735,26.378686468012667,2.4922391277243725,-5.997537710131917
736,29.080245663302872,5.531692574178363,-5.30353267096737
737,181.4413271396433,4.960500639338675,-10.24370394813644
738,132.9094984400566,5.365324332705311,-5.849582867150039
739,10.66211332870617,2.203878406530901,-7.760221516740884
740,171.84740548749443,5.747678616977144,-4.038483192594777
741,81.77781395435942,4.686698948178648,-6.127778449189569
742,46.0528145429665,3.7855536819173166,-7.005516996077532
743,130.00435027077643,4.046734374915715,-6.497935345421846
744,217.01890827316532,5.537152984690653,-7.005395941322645
745,21.88399591334491,4.177861107961708,-4.748106958073994
746,113.34282489094831,4.4769075156998435,-5.591298460069449
747,78.37223538842196,3.786501585559029,-8.890328993222251
748,128.59168165092026,4.753897641417655,-4.789793942378506
749,12.503842124388843,2.0574787328542405,-6.339003586379155
750,207.10037611036557,4.577988286747199,-6.448455963401278
751,69.89895656296352,3.9629993208492094,-12.50537615972479
752,78.64483149488662,3.839259211120072,-7.516080648694534
753,50.296938369523694,4.074270451565606,-6.494332223692966
754,47.71461380946229,3.1012763983827827,-6.417884311552269
755,98.65729635313647,4.0240635754734235,-9.548527139296448
756,53.83700427825049,2.914553892199719,-6.461679911652373
757,46.101051718519614,3.0280090309553866,-5.981571372456285
758,17.332987195241433,2.5955273260126153,-7.0888054271419865
759,37.43278220743365,2.5791280537540704,-10.065291369771035
760,34.967753081013875,3.2594944078997807,-5.563464563721221
761,90.01882049392138,3.492919988303385,-7.696845573554811
762,211.6917406817607,4.584490079922187,-10.617362256183638
763,113.2520243706598,4.932228742379581,-4.811339230235068
764,53.085105842109634,3.3870523585399788,-4.478315902251162
765,101.0069235878074,3.6793649638681694,-16.367273474319365
766,22.750657302418652,3.8283536717052877,-6.316554944691699
767,344.30974408099837,5.948266227427928,-6.963741272045354
768,176.47563844158918,4.36775479712037,-8.277281117873436
769,66.41576790285468,2.9823315348513875,-6.066706197838845
770,73.35563170573339,4.040928002854099,-5.3863250264755465
771,103.58473181287286,3.8051592554592655,-8.225004642992628
772,42.84057308248064,7.264346623363308,-5.066332351659597
773,141.04181912343435,5.131611681308355,-3.487511751333039
774,85.5617339029892,4.782306627007958,-5.30353267096737
775,49.673386344909076,4.293307418412378,-5.176975003965579
776,122.75589020916672,3.916624737652356,-9.161747043960599
777,1.5429802980137852,0.34099484421978854,-10.955826740316898
778,28.98617859135979,2.1138173405019387,-7.288511982993173
779,35.263983712378646,3.1217866579148468,-8.835098664490049
780,31.09227685290985,2.185811963431748,-9.474537184473142
781,72.39369809993565,3.63993646912196,-7.07574740652801
782,46.798977269331445,3.129527669939228,-5.844234945479753
783,48.83650656007752,8.18559500362933,-1.933576722067698
784,195.93936165981717,4.572760671322304,-5.309433900973226
785,89.02880291436365,4.087528586612412,-7.620315904993269
786,117.409238514891,3.8140158196226044,-7.227606918505858
787,17.794456359219613,3.2013113101782147,-7.551739335979557
788,160.31638698582088,4.134619810179731,-9.226613896131909
789,72.33015294719702,3.6708496198061447,-5.829059172051432
790,188.84295981406538,5.369761692192047,-6.821446112524987
791,82.20920262611988,3.530446905151636,-5.29710984645514
792,70.93307144307155,4.100294247889408,-4.292323408987897
793,38.2377370982532,6.633022808461063,-2.1000099383057913
794,60.29942192173316,2.8359851261157236,-6.790831221912141
795,93.12324955155226,3.8321025787596197,-5.701957596602469
796,58.894606814449155,4.981021507313767,-2.4621023366169004
797,114.93147149446052,5.042562221017451,-13.273378839010652
798,43.96228102917177,2.5291458964267757,-14.367846983506238
799,162.42857613926338,5.526694648978699,-4.87469426441921
800,85.49412296678238,3.623731932483719,-7.823988209586075
801,114.51353258643336,4.449814111924127,-6.367984339713784
802,108.26162441281242,4.2298346189012195,-5.303532670967337
803,91.70104361697373,3.7894141277644215,-5.737596936892486
804,43.35941459468265,2.476958890105956,-15.427280477558236
805,48.367245641511914,3.98284200763181,-10.822248193701311
806,404.20667274208614,5.701788563349158,-6.1384255419545735
807,34.19233833916735,2.823146837783313,-12.115903395842286
808,139.04034480016284,4.436337343324007,-6.32304671258831
809,192.67730220208895,5.175072058478608,-5.8148915485006665
810,115.95787053394248,3.7837900541759715,-5.342065924448858
811,145.98955424943648,5.72008620257136,-10.551045027481653
812,238.16147521011922,5.8054741702249055,-4.117053785408931
813,33.446554629876445,4.986239197597998,-5.739672462688105
814,107.31601566018378,4.254436080785064,-5.676367597920617
815,40.90562981227735,3.218144231930362,-9.768515664922429
816,18.00115753176559,1.410167194098367,-8.883848355602487
817,137.5446614138418,4.266984589296707,-5.297109846455128
818,83.17248334757971,4.0620881835069005,-2.752772205702214
819,65.4422391292949,3.7756516687703274,-6.125023994408851
820,138.83656526484575,4.244292201252995,-5.766002390192348
821,385.80656876768995,5.81058782970805,-3.4398395330702436
822,151.14226255363712,5.385102253530179,-6.132392633984807
823,15.74921214159315,1.6040295139526124,-11.992482459018738
824,52.462099115117255,3.2811853648791227,-7.257126552721704
825,119.36582035302075,4.648044011077096,-2.6172288306233304
826,67.40197057326507,3.979158774791782,-4.362440624749553
827,71.0960030871782,4.239805381359156,-2.577626440635006
828,57.0060381718138,3.489960777932181,-7.284153958566519
829,30.09442806054936,5.987772522033945,-5.418523110892847
830,220.6177735995266,5.212857431123318,-7.194416012717497
831,7.354997062841018,1.5673245940055385,-5.461328318132042
832,147.0570273408195,5.120514532895981,-2.5616931277623545
833,64.10582962938862,4.769828494556944,-6.033020350749396
834,63.86775402982947,3.821768705973397,-5.6677130423082644
835,39.1225172036437,3.4589484648860283,-6.245885825294673
836,6.9504825604480125,1.5685400590194831,-6.24648388480723
837,12.6753268242223,2.342309279892208,-7.0099285585037086
838,1.061100441366869,0.36961719457931547,-5.671504946792904
839,60.335502051066726,2.830959082764136,-12.79115915710134
840,92.70763496822462,4.286494950492338,-5.522744342493779
841,80.63646195256746,6.008452535806333,-2.1342371707301133
842,3.3904935105191214,0.8699429745889175,-9.34230484320211
843,106.75315821763553,4.707537884005051,-5.6836140831633575
844,58.081081337540375,2.8184848790042643,-3.107022098193457
845,178.80119515300822,4.591527168200631,-8.97434018429334
846,171.12239815201963,4.853902799016823,-5.976166776062719
847,227.97193812671748,5.3196464025769306,-1.9405780510211468
848,67.82561501129871,3.4795521015492796,-7.119379358996669
849,31.43288135583353,5.569019811721752,-5.396406151671429
850,68.63728783354684,4.121948060361864,-2.8241914400965795
851,145.9035727304289,4.063773841067053,-14.480366067684546
852,42.41603225464014,3.7941321774999865,-6.292673346440381
853,369.7657096636384,5.450752796626302,-6.824926714740598
854,59.85504985319514,2.8493587563826472,-11.541767815643688
855,186.50816395500783,5.063691567404259,-2.0766936840142747
856,67.33151766874366,4.067723935113691,-5.8975313470208235
857,95.20058598148829,4.405419619356057,-2.850922166540748
858,208.20034515307108,5.861938725187459,-6.385419993098662
859,50.73710427823288,3.3748426805085847,-6.9992813161036
860,40.13958477210296,3.2717121805000646,-6.230271188528224
861,130.3632012324961,4.779850758902289,-6.0533147217264105
862,137.8199684547707,4.9642399619018365,-5.303532670967382
863,253.93061517247628,5.699156727639647,-2.7981307435606784
864,55.29357219235851,3.4788100399627915,-5.530617812717131
865,24.07781594065963,1.7573503144278704,-14.60565399400543
866,63.65403822295435,4.0142667280762,-5.8776992556589525
867,19.38577569950617,1.4793424849339891,-10.671437692676344
868,36.77144680533928,2.5401611787631353,-6.343008475604039
869,114.0691716185434,4.4239341117792215,-5.551391967786912
870,73.97035496834248,4.37437266082865,-6.4192046471452935
871,256.4707932973137,5.354384774582779,-1.731233359982598
872,377.29396927331146,5.99127594325671,-2.1044634926299266
873,59.56475652486215,3.671231990361876,-8.028240312666245
874,78.53706523548811,4.509230278167019,-8.865372600579347
875,138.7329428993001,4.273095253368417,-4.960037424683216
876,117.8239958455718,4.540632693529621,-6.075143189728305
877,62.343324596025425,3.9527766889131524,-5.135871324644759
878,22.23414282033527,4.927665640590629,-6.91623794201136
879,4.424113411691066,0.8753371282073023,-10.526901015359558
880,32.088449157320696,6.543255756557634,-2.735738082946415
881,81.42039850296794,3.975054847216156,-7.903917538617666
882,87.78303297183736,3.7128064254014763,-5.503614490697572
883,111.79698099449826,4.81216430448073,-9.758500620673038
884,29.122269900467423,2.795597474965672,-7.130778922450254
885,61.205063663521344,3.7849015605895557,-8.01316104358789
886,51.84924822003272,3.3163266027926452,-5.400652583040366
887,86.50206255494173,3.7719476586776426,-4.749255275259845
888,56.77336625019534,4.882111728436296,-1.5398428460679292
889,124.05588041155431,4.219625518442058,-8.675407732716778
890,39.7310339836767,2.6389318536026964,-5.355070340759971
891,117.23972645386934,4.0882554030445375,-5.303532670967382
892,40.54524596509659,3.6450945546055635,-4.191940835201724
893,50.58595455531423,5.691786850371509,-6.684052478808078
894,2.34397509973181,0.5995011843974247,-6.762820009764036
895,69.30652150395234,3.381468540935096,-11.262728063256155
896,60.71274695417208,3.683931478348054,-3.745803660341851
897,135.33985357481387,4.497806068478896,-8.130353334892327
898,137.25906321336313,4.449581029721031,-5.629332126067954
899,44.109346384564404,3.996576181482035,-2.933187300143092
900,57.49993000791955,3.516999421323506,-7.963434710776751
901,56.65112778072705,3.5596514508429773,-5.29710984645514
902,198.56565862255832,5.610955745993318,-4.687689457708755
903,-0.37396563775975444,0.06138456058375494,-10.039334744953909
904,55.89267651350654,3.4216842107333694,-10.524057144434185
905,130.93003718433326,4.428684233388862,-9.169164234031001
906,84.19401761696426,4.090736049053281,-5.5898349105073635
907,62.02636967587245,3.21711458466139,-6.940651210524718
908,56.310629367187936,6.125570084863612,-7.74357201031588
909,57.12264444408775,3.46397082640759,-6.104721659655887
910,32.95200982068185,4.2529283069611985,-9.129855136071885
911,77.57683820165622,3.849717872632068,-4.6074962930690795
912,17.4379974944014,3.421069424411247,-8.229873493398287
913,105.6745370270416,3.5364442622815306,-6.55304050447022
914,237.76110799897845,5.446818946162923,-5.926992674507526
915,80.2477961588857,3.867292141243665,-7.191209773308948
916,62.48868046166258,3.8119893241471132,-6.5913692807258
917,167.33757205291417,5.621720278281508,-5.811745729680807
918,47.237177308223764,3.001289122897633,-9.40770114850461
919,59.14712686292232,3.591022822173701,-5.862856365268476
920,54.99162995903273,2.6516264416108974,-6.964706280383471
921,69.06712974741247,4.113481040533469,-4.395962667025321
922,120.40484737148222,4.669175736449968,-4.084960377295765
923,36.633436466791466,2.4874680815790104,-7.3710835111080115
924,47.20383442113831,3.025535658161602,-5.701573780676538
925,45.38088147307919,2.998936749112185,-6.687548876823857
926,18.045361346317932,2.757527934752481,-14.824440134841621
927,58.40995162587639,3.572765146583755,-5.465251443268526
928,10.53123604127082,1.5543970129566687,-12.42339248655161
929,119.74564738315378,6.131719361043153,-2.582680611316346
930,126.79427386244325,4.042614351463339,-5.30353267096737
931,147.37502590605027,5.195198339309254,-5.303532670967382
932,27.932783410556873,2.5863155848437542,-11.340955067109693
933,65.6396160468262,3.932651620437428,-2.699617384485131
934,107.75036608534504,3.889507500787552,-7.555082790701095
935,0.6865788306421372,0.2209872001098892,-16.938094247329104
936,16.1670605933508,3.8619483812043724,-4.132500753939238
937,19.775322891190616,3.726840455341289,-6.349068545201719
938,59.1302177013211,3.530973781857689,-8.325486620830302
939,39.28580636063206,2.593924115433962,-8.377178934654218
940,72.55307744554578,3.2853492528253017,-8.321620828837462
941,51.44825966653998,4.034610916540363,-7.499434304608165
942,86.83927679974914,3.375733792315977,-8.866407885394779
943,56.05824114141258,4.484092804587202,-5.432143087433627
944,8.270444228299102,1.6474656743324685,-6.836958264403103
945,68.72454783045666,3.3964440079798095,-6.010981003603344
946,93.0400552821017,3.518588572930992,-10.607952450527147
947,44.452349401141845,2.949231384310098,-7.163917429371525
948,184.04705498932583,4.421487116898049,-6.9271594034290835
949,53.27054179633988,4.329666377634865,-5.377698628462701
950,83.03125024109428,3.5443311315154893,-13.709426471419484
951,306.41972445748246,5.586514831220226,-4.616027676439572
952,171.15979815117592,4.881339241483113,-4.694059189143507
953,227.14678207547578,5.720084937036319,-1.8955191135547333
954,180.7894674043475,4.679105436837661,-3.916182306446825
955,107.72181448335516,4.306677282648819,-7.93639591259695
956,16.938396721456495,3.2969674091484613,-7.675781298124185
957,87.39613710965384,4.112346136751479,-6.047120834431052
958,112.26812439833185,4.718438318442983,-5.965834002058134
959,24.567106923018645,1.840806764315087,-8.312541063467949
960,84.49435485874164,4.0742420371125245,-5.30353267096737
961,181.311733915064,4.963410670620175,-5.757805254237624
962,97.16087565829699,4.822259349784786,-7.080265016752573
963,47.067697775397036,2.8796253952938793,-5.511218858054823
964,150.21355814815038,5.349498644385936,-7.827615219525064
965,97.26206425023372,3.6273774441951194,-9.599303307588535
966,231.61144487163185,5.415199739721024,-5.303532670967348
967,27.900722391275657,5.337608831201371,-4.820316875980623
968,34.70068008383358,3.352775107761931,-2.784554889664659
969,53.26689595710867,2.9134512029702493,-5.7602043698122385
970,65.88127929822024,4.004943971411441,-6.062689911642516
971,173.0150236315301,4.594171494707498,-10.222699767662446
972,70.27866375567193,3.6066686537671093,-4.673147837012481
973,66.60650688655856,3.99294556694517,-8.686503623475328
974,28.8136175699681,2.7812975280154135,-5.539153172251954
975,109.8733421593153,4.320381040981973,-5.30353267096737
976,103.48193550132723,3.7392166334539176,-13.702164265610728
977,13.975163289881266,2.1650140131010267,-10.472160898869243
978,-2.998186406685599,-0.457003427440585,-10.53432023919565
979,37.4194790770769,3.061327983407833,-9.88605484589674
980,10.203696452698585,1.9336878422186088,-7.540657009608543
981,30.588519546467865,2.1303385654518436,-9.587107240009285
982,42.51504210750203,2.4047588423942243,-12.965384862569918
983,40.86360964595952,2.7162524480377357,-6.582527163559515
984,75.87048167396786,3.064781245269959,-9.57888348484044
985,89.23815484508897,3.7061056280532165,-8.880113763717667
986,38.73875394088291,2.075029109423804,-11.260680942845191
987,111.3802311054533,3.9770989929384806,-6.222088019713845
988,78.03683931858794,3.8844764203089004,-2.4440908515460325
989,28.382726809630697,2.500921627942448,-9.30999175273678
990,51.56665391744723,3.303906084498892,-6.874130165468517
991,108.26238998476603,5.605171422651943,-6.21108521986522
992,50.22813116434863,3.236104421175971,-6.3301820168266465
993,74.78929087798147,3.2975966470173583,-9.33365008273963
994,15.511235227126585,3.2891941158683706,-4.013370391851822
995,54.164578545883636,4.4762520806867565,-5.446746668628011
996,127.1731886364694,4.327305444353806,-5.538611386970215
997,105.67285024085007,4.846003872142812,-6.570706516493885
998,41.31354135035903,8.627666184339219,-1.7965625533598928
999,24.50709960283719,1.7793777015303955,-7.167035328460769
